track,phase,group,dataset,base_dataset_name,dataset_kind,seed,run_id,log_path,horizon,confirm_rule,perm_stat,perm_alpha,perm_pre_n,perm_post_n,perm_side,perm_n_perm,delta_k,acc_final,confirm_rate_per_10k,MTFA_win,miss_tol500,conf_P90
AL,stability,A_weighted_n5,sea_nodrift,sea_abrupt4,nodrift,1,20260112-233718-fr7_A_weighted_n5__sea_nodrift,logs_v15p2_s0/trackAL_perm_confirm_stability_v15p2/sea_nodrift/ts_drift_adapt/seed1/20260112-233718-fr7_A_weighted_n5/sea_nodrift__ts_drift_adapt__seed1.csv,50000,weighted,N/A,N/A,N/A,N/A,N/A,N/A,N/A,0.89098,28.8,345.5104895104895,,
AL,stability,A_weighted_n5,sea_nodrift,sea_abrupt4,nodrift,2,20260112-233718-fr7_A_weighted_n5__sea_nodrift,logs_v15p2_s0/trackAL_perm_confirm_stability_v15p2/sea_nodrift/ts_drift_adapt/seed2/20260112-233718-fr7_A_weighted_n5/sea_nodrift__ts_drift_adapt__seed2.csv,50000,weighted,N/A,N/A,N/A,N/A,N/A,N/A,N/A,0.88272,29.8,334.27027027027026,,
AL,stability,A_weighted_n5,sea_nodrift,sea_abrupt4,nodrift,3,20260112-233718-fr7_A_weighted_n5__sea_nodrift,logs_v15p2_s0/trackAL_perm_confirm_stability_v15p2/sea_nodrift/ts_drift_adapt/seed3/20260112-233718-fr7_A_weighted_n5/sea_nodrift__ts_drift_adapt__seed3.csv,50000,weighted,N/A,N/A,N/A,N/A,N/A,N/A,N/A,0.88484,29.0,344.8888888888889,,
AL,stability,A_weighted_n5,sea_nodrift,sea_abrupt4,nodrift,4,20260112-233718-fr7_A_weighted_n5__sea_nodrift,logs_v15p2_s0/trackAL_perm_confirm_stability_v15p2/sea_nodrift/ts_drift_adapt/seed4/20260112-233718-fr7_A_weighted_n5/sea_nodrift__ts_drift_adapt__seed4.csv,50000,weighted,N/A,N/A,N/A,N/A,N/A,N/A,N/A,0.8859,29.4,340.16438356164383,,
AL,stability,A_weighted_n5,sea_nodrift,sea_abrupt4,nodrift,5,20260112-233718-fr7_A_weighted_n5__sea_nodrift,logs_v15p2_s0/trackAL_perm_confirm_stability_v15p2/sea_nodrift/ts_drift_adapt/seed5/20260112-233718-fr7_A_weighted_n5/sea_nodrift__ts_drift_adapt__seed5.csv,50000,weighted,N/A,N/A,N/A,N/A,N/A,N/A,N/A,0.89406,29.2,342.62068965517244,,
AL,stability,A_weighted_n5,sea_nodrift,sea_abrupt4,nodrift,6,20260112-233718-fr7_A_weighted_n5__sea_nodrift,logs_v15p2_s0/trackAL_perm_confirm_stability_v15p2/sea_nodrift/ts_drift_adapt/seed6/20260112-233718-fr7_A_weighted_n5/sea_nodrift__ts_drift_adapt__seed6.csv,50000,weighted,N/A,N/A,N/A,N/A,N/A,N/A,N/A,0.88064,29.4,338.8493150684931,,
AL,stability,A_weighted_n5,sea_nodrift,sea_abrupt4,nodrift,7,20260112-233718-fr7_A_weighted_n5__sea_nodrift,logs_v15p2_s0/trackAL_perm_confirm_stability_v15p2/sea_nodrift/ts_drift_adapt/seed7/20260112-233718-fr7_A_weighted_n5/sea_nodrift__ts_drift_adapt__seed7.csv,50000,weighted,N/A,N/A,N/A,N/A,N/A,N/A,N/A,0.88652,29.2,341.1862068965517,,
AL,stability,A_weighted_n5,sea_nodrift,sea_abrupt4,nodrift,8,20260112-233718-fr7_A_weighted_n5__sea_nodrift,logs_v15p2_s0/trackAL_perm_confirm_stability_v15p2/sea_nodrift/ts_drift_adapt/seed8/20260112-233718-fr7_A_weighted_n5/sea_nodrift__ts_drift_adapt__seed8.csv,50000,weighted,N/A,N/A,N/A,N/A,N/A,N/A,N/A,0.8769,30.0,332.8859060402685,,
AL,stability,A_weighted_n5,sea_nodrift,sea_abrupt4,nodrift,9,20260112-233718-fr7_A_weighted_n5__sea_nodrift,logs_v15p2_s0/trackAL_perm_confirm_stability_v15p2/sea_nodrift/ts_drift_adapt/seed9/20260112-233718-fr7_A_weighted_n5/sea_nodrift__ts_drift_adapt__seed9.csv,50000,weighted,N/A,N/A,N/A,N/A,N/A,N/A,N/A,0.88724,29.6,337.4149659863946,,
AL,stability,A_weighted_n5,sea_nodrift,sea_abrupt4,nodrift,10,20260112-233718-fr7_A_weighted_n5__sea_nodrift,logs_v15p2_s0/trackAL_perm_confirm_stability_v15p2/sea_nodrift/ts_drift_adapt/seed10/20260112-233718-fr7_A_weighted_n5/sea_nodrift__ts_drift_adapt__seed10.csv,50000,weighted,N/A,N/A,N/A,N/A,N/A,N/A,N/A,0.88172,29.6,337.9591836734694,,
AL,stability,A_weighted_n5,sine_nodrift,sine_abrupt4,nodrift,1,20260112-233718-fr7_A_weighted_n5__sine_nodrift,logs_v15p2_s0/trackAL_perm_confirm_stability_v15p2/sine_nodrift/ts_drift_adapt/seed1/20260112-233718-fr7_A_weighted_n5/sine_nodrift__ts_drift_adapt__seed1.csv,10000,weighted,N/A,N/A,N/A,N/A,N/A,N/A,N/A,0.8994,27.0,356.9230769230769,,
AL,stability,A_weighted_n5,sine_nodrift,sine_abrupt4,nodrift,2,20260112-233718-fr7_A_weighted_n5__sine_nodrift,logs_v15p2_s0/trackAL_perm_confirm_stability_v15p2/sine_nodrift/ts_drift_adapt/seed2/20260112-233718-fr7_A_weighted_n5/sine_nodrift__ts_drift_adapt__seed2.csv,10000,weighted,N/A,N/A,N/A,N/A,N/A,N/A,N/A,0.9248,23.0,430.54545454545456,,
AL,stability,A_weighted_n5,sine_nodrift,sine_abrupt4,nodrift,3,20260112-233718-fr7_A_weighted_n5__sine_nodrift,logs_v15p2_s0/trackAL_perm_confirm_stability_v15p2/sine_nodrift/ts_drift_adapt/seed3/20260112-233718-fr7_A_weighted_n5/sine_nodrift__ts_drift_adapt__seed3.csv,10000,weighted,N/A,N/A,N/A,N/A,N/A,N/A,N/A,0.9268,22.0,457.14285714285717,,
AL,stability,A_weighted_n5,sine_nodrift,sine_abrupt4,nodrift,4,20260112-233718-fr7_A_weighted_n5__sine_nodrift,logs_v15p2_s0/trackAL_perm_confirm_stability_v15p2/sine_nodrift/ts_drift_adapt/seed4/20260112-233718-fr7_A_weighted_n5/sine_nodrift__ts_drift_adapt__seed4.csv,10000,weighted,N/A,N/A,N/A,N/A,N/A,N/A,N/A,0.9234,23.0,418.90909090909093,,
AL,stability,A_weighted_n5,sine_nodrift,sine_abrupt4,nodrift,5,20260112-233718-fr7_A_weighted_n5__sine_nodrift,logs_v15p2_s0/trackAL_perm_confirm_stability_v15p2/sine_nodrift/ts_drift_adapt/seed5/20260112-233718-fr7_A_weighted_n5/sine_nodrift__ts_drift_adapt__seed5.csv,10000,weighted,N/A,N/A,N/A,N/A,N/A,N/A,N/A,0.8953,26.0,384.0,,
AL,stability,A_weighted_n5,sine_nodrift,sine_abrupt4,nodrift,6,20260112-233718-fr7_A_weighted_n5__sine_nodrift,logs_v15p2_s0/trackAL_perm_confirm_stability_v15p2/sine_nodrift/ts_drift_adapt/seed6/20260112-233718-fr7_A_weighted_n5/sine_nodrift__ts_drift_adapt__seed6.csv,10000,weighted,N/A,N/A,N/A,N/A,N/A,N/A,N/A,0.9197,23.0,430.54545454545456,,
AL,stability,A_weighted_n5,sine_nodrift,sine_abrupt4,nodrift,7,20260112-233718-fr7_A_weighted_n5__sine_nodrift,logs_v15p2_s0/trackAL_perm_confirm_stability_v15p2/sine_nodrift/ts_drift_adapt/seed7/20260112-233718-fr7_A_weighted_n5/sine_nodrift__ts_drift_adapt__seed7.csv,10000,weighted,N/A,N/A,N/A,N/A,N/A,N/A,N/A,0.9139,26.0,376.32,,
AL,stability,A_weighted_n5,sine_nodrift,sine_abrupt4,nodrift,8,20260112-233718-fr7_A_weighted_n5__sine_nodrift,logs_v15p2_s0/trackAL_perm_confirm_stability_v15p2/sine_nodrift/ts_drift_adapt/seed8/20260112-233718-fr7_A_weighted_n5/sine_nodrift__ts_drift_adapt__seed8.csv,10000,weighted,N/A,N/A,N/A,N/A,N/A,N/A,N/A,0.9302,28.0,353.18518518518516,,
AL,stability,A_weighted_n5,sine_nodrift,sine_abrupt4,nodrift,9,20260112-233718-fr7_A_weighted_n5__sine_nodrift,logs_v15p2_s0/trackAL_perm_confirm_stability_v15p2/sine_nodrift/ts_drift_adapt/seed9/20260112-233718-fr7_A_weighted_n5/sine_nodrift__ts_drift_adapt__seed9.csv,10000,weighted,N/A,N/A,N/A,N/A,N/A,N/A,N/A,0.9199,25.0,394.6666666666667,,
AL,stability,A_weighted_n5,sine_nodrift,sine_abrupt4,nodrift,10,20260112-233718-fr7_A_weighted_n5__sine_nodrift,logs_v15p2_s0/trackAL_perm_confirm_stability_v15p2/sine_nodrift/ts_drift_adapt/seed10/20260112-233718-fr7_A_weighted_n5/sine_nodrift__ts_drift_adapt__seed10.csv,10000,weighted,N/A,N/A,N/A,N/A,N/A,N/A,N/A,0.9226,24.0,403.4782608695652,,
AL,stability,A_weighted_n5,sea_abrupt4,sea_abrupt4,drift,1,20260112-233718-fr7_A_weighted_n5__sea_abrupt4,logs_v15p2_s0/trackAL_perm_confirm_stability_v15p2/sea_abrupt4/ts_drift_adapt/seed1/20260112-233718-fr7_A_weighted_n5/sea_abrupt4__ts_drift_adapt__seed1.csv,50000,weighted,N/A,N/A,N/A,N/A,N/A,N/A,N/A,0.88358,,,0.0,277.40000000000003
AL,stability,A_weighted_n5,sea_abrupt4,sea_abrupt4,drift,2,20260112-233718-fr7_A_weighted_n5__sea_abrupt4,logs_v15p2_s0/trackAL_perm_confirm_stability_v15p2/sea_abrupt4/ts_drift_adapt/seed2/20260112-233718-fr7_A_weighted_n5/sea_abrupt4__ts_drift_adapt__seed2.csv,50000,weighted,N/A,N/A,N/A,N/A,N/A,N/A,N/A,0.87262,,,0.0,338.20000000000005
AL,stability,A_weighted_n5,sea_abrupt4,sea_abrupt4,drift,3,20260112-233718-fr7_A_weighted_n5__sea_abrupt4,logs_v15p2_s0/trackAL_perm_confirm_stability_v15p2/sea_abrupt4/ts_drift_adapt/seed3/20260112-233718-fr7_A_weighted_n5/sea_abrupt4__ts_drift_adapt__seed3.csv,50000,weighted,N/A,N/A,N/A,N/A,N/A,N/A,N/A,0.88256,,,0.0,237.40000000000003
AL,stability,A_weighted_n5,sea_abrupt4,sea_abrupt4,drift,4,20260112-233718-fr7_A_weighted_n5__sea_abrupt4,logs_v15p2_s0/trackAL_perm_confirm_stability_v15p2/sea_abrupt4/ts_drift_adapt/seed4/20260112-233718-fr7_A_weighted_n5/sea_abrupt4__ts_drift_adapt__seed4.csv,50000,weighted,N/A,N/A,N/A,N/A,N/A,N/A,N/A,0.87634,,,0.0,239.00000000000006
AL,stability,A_weighted_n5,sea_abrupt4,sea_abrupt4,drift,5,20260112-233718-fr7_A_weighted_n5__sea_abrupt4,logs_v15p2_s0/trackAL_perm_confirm_stability_v15p2/sea_abrupt4/ts_drift_adapt/seed5/20260112-233718-fr7_A_weighted_n5/sea_abrupt4__ts_drift_adapt__seed5.csv,50000,weighted,N/A,N/A,N/A,N/A,N/A,N/A,N/A,0.87534,,,0.0,293.4
AL,stability,A_weighted_n5,sea_abrupt4,sea_abrupt4,drift,6,20260112-233718-fr7_A_weighted_n5__sea_abrupt4,logs_v15p2_s0/trackAL_perm_confirm_stability_v15p2/sea_abrupt4/ts_drift_adapt/seed6/20260112-233718-fr7_A_weighted_n5/sea_abrupt4__ts_drift_adapt__seed6.csv,50000,weighted,N/A,N/A,N/A,N/A,N/A,N/A,N/A,0.87906,,,0.0,247.0
AL,stability,A_weighted_n5,sea_abrupt4,sea_abrupt4,drift,7,20260112-233718-fr7_A_weighted_n5__sea_abrupt4,logs_v15p2_s0/trackAL_perm_confirm_stability_v15p2/sea_abrupt4/ts_drift_adapt/seed7/20260112-233718-fr7_A_weighted_n5/sea_abrupt4__ts_drift_adapt__seed7.csv,50000,weighted,N/A,N/A,N/A,N/A,N/A,N/A,N/A,0.89352,,,0.0,323.80000000000007
AL,stability,A_weighted_n5,sea_abrupt4,sea_abrupt4,drift,8,20260112-233718-fr7_A_weighted_n5__sea_abrupt4,logs_v15p2_s0/trackAL_perm_confirm_stability_v15p2/sea_abrupt4/ts_drift_adapt/seed8/20260112-233718-fr7_A_weighted_n5/sea_abrupt4__ts_drift_adapt__seed8.csv,50000,weighted,N/A,N/A,N/A,N/A,N/A,N/A,N/A,0.87052,,,0.0,304.6
AL,stability,A_weighted_n5,sea_abrupt4,sea_abrupt4,drift,9,20260112-233718-fr7_A_weighted_n5__sea_abrupt4,logs_v15p2_s0/trackAL_perm_confirm_stability_v15p2/sea_abrupt4/ts_drift_adapt/seed9/20260112-233718-fr7_A_weighted_n5/sea_abrupt4__ts_drift_adapt__seed9.csv,50000,weighted,N/A,N/A,N/A,N/A,N/A,N/A,N/A,0.86792,,,0.0,261.4
AL,stability,A_weighted_n5,sea_abrupt4,sea_abrupt4,drift,10,20260112-233718-fr7_A_weighted_n5__sea_abrupt4,logs_v15p2_s0/trackAL_perm_confirm_stability_v15p2/sea_abrupt4/ts_drift_adapt/seed10/20260112-233718-fr7_A_weighted_n5/sea_abrupt4__ts_drift_adapt__seed10.csv,50000,weighted,N/A,N/A,N/A,N/A,N/A,N/A,N/A,0.87634,,,0.0,272.6
AL,stability,A_weighted_n5,sine_abrupt4,sine_abrupt4,drift,1,20260112-233718-fr7_A_weighted_n5__sine_abrupt4,logs_v15p2_s0/trackAL_perm_confirm_stability_v15p2/sine_abrupt4/ts_drift_adapt/seed1/20260112-233718-fr7_A_weighted_n5/sine_abrupt4__ts_drift_adapt__seed1.csv,50000,weighted,N/A,N/A,N/A,N/A,N/A,N/A,N/A,0.65862,,,0.0,215.0
AL,stability,A_weighted_n5,sine_abrupt4,sine_abrupt4,drift,2,20260112-233718-fr7_A_weighted_n5__sine_abrupt4,logs_v15p2_s0/trackAL_perm_confirm_stability_v15p2/sine_abrupt4/ts_drift_adapt/seed2/20260112-233718-fr7_A_weighted_n5/sine_abrupt4__ts_drift_adapt__seed2.csv,50000,weighted,N/A,N/A,N/A,N/A,N/A,N/A,N/A,0.65116,,,0.0,295.0
AL,stability,A_weighted_n5,sine_abrupt4,sine_abrupt4,drift,3,20260112-233718-fr7_A_weighted_n5__sine_abrupt4,logs_v15p2_s0/trackAL_perm_confirm_stability_v15p2/sine_abrupt4/ts_drift_adapt/seed3/20260112-233718-fr7_A_weighted_n5/sine_abrupt4__ts_drift_adapt__seed3.csv,50000,weighted,N/A,N/A,N/A,N/A,N/A,N/A,N/A,0.61676,,,0.0,237.40000000000006
AL,stability,A_weighted_n5,sine_abrupt4,sine_abrupt4,drift,4,20260112-233718-fr7_A_weighted_n5__sine_abrupt4,logs_v15p2_s0/trackAL_perm_confirm_stability_v15p2/sine_abrupt4/ts_drift_adapt/seed4/20260112-233718-fr7_A_weighted_n5/sine_abrupt4__ts_drift_adapt__seed4.csv,50000,weighted,N/A,N/A,N/A,N/A,N/A,N/A,N/A,0.65488,,,0.0,346.20000000000005
AL,stability,A_weighted_n5,sine_abrupt4,sine_abrupt4,drift,5,20260112-233718-fr7_A_weighted_n5__sine_abrupt4,logs_v15p2_s0/trackAL_perm_confirm_stability_v15p2/sine_abrupt4/ts_drift_adapt/seed5/20260112-233718-fr7_A_weighted_n5/sine_abrupt4__ts_drift_adapt__seed5.csv,50000,weighted,N/A,N/A,N/A,N/A,N/A,N/A,N/A,0.63572,,,0.0,247.0
AL,stability,A_weighted_n5,sine_abrupt4,sine_abrupt4,drift,6,20260112-233718-fr7_A_weighted_n5__sine_abrupt4,logs_v15p2_s0/trackAL_perm_confirm_stability_v15p2/sine_abrupt4/ts_drift_adapt/seed6/20260112-233718-fr7_A_weighted_n5/sine_abrupt4__ts_drift_adapt__seed6.csv,50000,weighted,N/A,N/A,N/A,N/A,N/A,N/A,N/A,0.64208,,,0.0,90.2
AL,stability,A_weighted_n5,sine_abrupt4,sine_abrupt4,drift,7,20260112-233718-fr7_A_weighted_n5__sine_abrupt4,logs_v15p2_s0/trackAL_perm_confirm_stability_v15p2/sine_abrupt4/ts_drift_adapt/seed7/20260112-233718-fr7_A_weighted_n5/sine_abrupt4__ts_drift_adapt__seed7.csv,50000,weighted,N/A,N/A,N/A,N/A,N/A,N/A,N/A,0.65564,,,0.0,58.2
AL,stability,A_weighted_n5,sine_abrupt4,sine_abrupt4,drift,8,20260112-233718-fr7_A_weighted_n5__sine_abrupt4,logs_v15p2_s0/trackAL_perm_confirm_stability_v15p2/sine_abrupt4/ts_drift_adapt/seed8/20260112-233718-fr7_A_weighted_n5/sine_abrupt4__ts_drift_adapt__seed8.csv,50000,weighted,N/A,N/A,N/A,N/A,N/A,N/A,N/A,0.673,,,0.0,314.20000000000005
AL,stability,A_weighted_n5,sine_abrupt4,sine_abrupt4,drift,9,20260112-233718-fr7_A_weighted_n5__sine_abrupt4,logs_v15p2_s0/trackAL_perm_confirm_stability_v15p2/sine_abrupt4/ts_drift_adapt/seed9/20260112-233718-fr7_A_weighted_n5/sine_abrupt4__ts_drift_adapt__seed9.csv,50000,weighted,N/A,N/A,N/A,N/A,N/A,N/A,N/A,0.66578,,,0.0,247.0
AL,stability,A_weighted_n5,sine_abrupt4,sine_abrupt4,drift,10,20260112-233718-fr7_A_weighted_n5__sine_abrupt4,logs_v15p2_s0/trackAL_perm_confirm_stability_v15p2/sine_abrupt4/ts_drift_adapt/seed10/20260112-233718-fr7_A_weighted_n5/sine_abrupt4__ts_drift_adapt__seed10.csv,50000,weighted,N/A,N/A,N/A,N/A,N/A,N/A,N/A,0.6101,,,0.0,218.20000000000002
AL,stability,A_weighted_n5,sea_gradual_frequent,sea_abrupt4,drift,1,20260112-233718-fr7_A_weighted_n5__sea_gradual_frequent,logs_v15p2_s0/trackAL_perm_confirm_stability_v15p2/sea_gradual_frequent/ts_drift_adapt/seed1/20260112-233718-fr7_A_weighted_n5/sea_gradual_frequent__ts_drift_adapt__seed1.csv,50000,weighted,N/A,N/A,N/A,N/A,N/A,N/A,N/A,0.8825,,,0.0,309.40000000000003
AL,stability,A_weighted_n5,sea_gradual_frequent,sea_abrupt4,drift,2,20260112-233718-fr7_A_weighted_n5__sea_gradual_frequent,logs_v15p2_s0/trackAL_perm_confirm_stability_v15p2/sea_gradual_frequent/ts_drift_adapt/seed2/20260112-233718-fr7_A_weighted_n5/sea_gradual_frequent__ts_drift_adapt__seed2.csv,50000,weighted,N/A,N/A,N/A,N/A,N/A,N/A,N/A,0.87334,,,0.0,181.40000000000003
AL,stability,A_weighted_n5,sea_gradual_frequent,sea_abrupt4,drift,3,20260112-233718-fr7_A_weighted_n5__sea_gradual_frequent,logs_v15p2_s0/trackAL_perm_confirm_stability_v15p2/sea_gradual_frequent/ts_drift_adapt/seed3/20260112-233718-fr7_A_weighted_n5/sea_gradual_frequent__ts_drift_adapt__seed3.csv,50000,weighted,N/A,N/A,N/A,N/A,N/A,N/A,N/A,0.88406,,,0.0,338.20000000000005
AL,stability,A_weighted_n5,sea_gradual_frequent,sea_abrupt4,drift,4,20260112-233718-fr7_A_weighted_n5__sea_gradual_frequent,logs_v15p2_s0/trackAL_perm_confirm_stability_v15p2/sea_gradual_frequent/ts_drift_adapt/seed4/20260112-233718-fr7_A_weighted_n5/sea_gradual_frequent__ts_drift_adapt__seed4.csv,50000,weighted,N/A,N/A,N/A,N/A,N/A,N/A,N/A,0.86474,,,0.0,314.20000000000005
AL,stability,A_weighted_n5,sea_gradual_frequent,sea_abrupt4,drift,5,20260112-233718-fr7_A_weighted_n5__sea_gradual_frequent,logs_v15p2_s0/trackAL_perm_confirm_stability_v15p2/sea_gradual_frequent/ts_drift_adapt/seed5/20260112-233718-fr7_A_weighted_n5/sea_gradual_frequent__ts_drift_adapt__seed5.csv,50000,weighted,N/A,N/A,N/A,N/A,N/A,N/A,N/A,0.86928,,,0.0,309.40000000000003
AL,stability,A_weighted_n5,sea_gradual_frequent,sea_abrupt4,drift,6,20260112-233718-fr7_A_weighted_n5__sea_gradual_frequent,logs_v15p2_s0/trackAL_perm_confirm_stability_v15p2/sea_gradual_frequent/ts_drift_adapt/seed6/20260112-233718-fr7_A_weighted_n5/sea_gradual_frequent__ts_drift_adapt__seed6.csv,50000,weighted,N/A,N/A,N/A,N/A,N/A,N/A,N/A,0.86712,,,0.0,247.0
AL,stability,A_weighted_n5,sea_gradual_frequent,sea_abrupt4,drift,7,20260112-233718-fr7_A_weighted_n5__sea_gradual_frequent,logs_v15p2_s0/trackAL_perm_confirm_stability_v15p2/sea_gradual_frequent/ts_drift_adapt/seed7/20260112-233718-fr7_A_weighted_n5/sea_gradual_frequent__ts_drift_adapt__seed7.csv,50000,weighted,N/A,N/A,N/A,N/A,N/A,N/A,N/A,0.87002,,,0.0,274.20000000000005
AL,stability,A_weighted_n5,sea_gradual_frequent,sea_abrupt4,drift,8,20260112-233718-fr7_A_weighted_n5__sea_gradual_frequent,logs_v15p2_s0/trackAL_perm_confirm_stability_v15p2/sea_gradual_frequent/ts_drift_adapt/seed8/20260112-233718-fr7_A_weighted_n5/sea_gradual_frequent__ts_drift_adapt__seed8.csv,50000,weighted,N/A,N/A,N/A,N/A,N/A,N/A,N/A,0.86654,,,0.0,309.40000000000003
AL,stability,A_weighted_n5,sea_gradual_frequent,sea_abrupt4,drift,9,20260112-233718-fr7_A_weighted_n5__sea_gradual_frequent,logs_v15p2_s0/trackAL_perm_confirm_stability_v15p2/sea_gradual_frequent/ts_drift_adapt/seed9/20260112-233718-fr7_A_weighted_n5/sea_gradual_frequent__ts_drift_adapt__seed9.csv,50000,weighted,N/A,N/A,N/A,N/A,N/A,N/A,N/A,0.87572,,,0.0,295.0
AL,stability,A_weighted_n5,sea_gradual_frequent,sea_abrupt4,drift,10,20260112-233718-fr7_A_weighted_n5__sea_gradual_frequent,logs_v15p2_s0/trackAL_perm_confirm_stability_v15p2/sea_gradual_frequent/ts_drift_adapt/seed10/20260112-233718-fr7_A_weighted_n5/sea_gradual_frequent__ts_drift_adapt__seed10.csv,50000,weighted,N/A,N/A,N/A,N/A,N/A,N/A,N/A,0.8823,,,0.0,290.20000000000005
AL,stability,A_weighted_n5,sine_gradual_frequent,sine_abrupt4,drift,1,20260112-233718-fr7_A_weighted_n5__sine_gradual_frequent,logs_v15p2_s0/trackAL_perm_confirm_stability_v15p2/sine_gradual_frequent/ts_drift_adapt/seed1/20260112-233718-fr7_A_weighted_n5/sine_gradual_frequent__ts_drift_adapt__seed1.csv,50000,weighted,N/A,N/A,N/A,N/A,N/A,N/A,N/A,0.66226,,,0.0,263.0
AL,stability,A_weighted_n5,sine_gradual_frequent,sine_abrupt4,drift,2,20260112-233718-fr7_A_weighted_n5__sine_gradual_frequent,logs_v15p2_s0/trackAL_perm_confirm_stability_v15p2/sine_gradual_frequent/ts_drift_adapt/seed2/20260112-233718-fr7_A_weighted_n5/sine_gradual_frequent__ts_drift_adapt__seed2.csv,50000,weighted,N/A,N/A,N/A,N/A,N/A,N/A,N/A,0.65686,,,0.0,218.20000000000002
AL,stability,A_weighted_n5,sine_gradual_frequent,sine_abrupt4,drift,3,20260112-233718-fr7_A_weighted_n5__sine_gradual_frequent,logs_v15p2_s0/trackAL_perm_confirm_stability_v15p2/sine_gradual_frequent/ts_drift_adapt/seed3/20260112-233718-fr7_A_weighted_n5/sine_gradual_frequent__ts_drift_adapt__seed3.csv,50000,weighted,N/A,N/A,N/A,N/A,N/A,N/A,N/A,0.64442,,,0.0,309.40000000000003
AL,stability,A_weighted_n5,sine_gradual_frequent,sine_abrupt4,drift,4,20260112-233718-fr7_A_weighted_n5__sine_gradual_frequent,logs_v15p2_s0/trackAL_perm_confirm_stability_v15p2/sine_gradual_frequent/ts_drift_adapt/seed4/20260112-233718-fr7_A_weighted_n5/sine_gradual_frequent__ts_drift_adapt__seed4.csv,50000,weighted,N/A,N/A,N/A,N/A,N/A,N/A,N/A,0.62902,,,0.0,197.4
AL,stability,A_weighted_n5,sine_gradual_frequent,sine_abrupt4,drift,5,20260112-233718-fr7_A_weighted_n5__sine_gradual_frequent,logs_v15p2_s0/trackAL_perm_confirm_stability_v15p2/sine_gradual_frequent/ts_drift_adapt/seed5/20260112-233718-fr7_A_weighted_n5/sine_gradual_frequent__ts_drift_adapt__seed5.csv,50000,weighted,N/A,N/A,N/A,N/A,N/A,N/A,N/A,0.64786,,,0.0,277.40000000000003
AL,stability,A_weighted_n5,sine_gradual_frequent,sine_abrupt4,drift,6,20260112-233718-fr7_A_weighted_n5__sine_gradual_frequent,logs_v15p2_s0/trackAL_perm_confirm_stability_v15p2/sine_gradual_frequent/ts_drift_adapt/seed6/20260112-233718-fr7_A_weighted_n5/sine_gradual_frequent__ts_drift_adapt__seed6.csv,50000,weighted,N/A,N/A,N/A,N/A,N/A,N/A,N/A,0.6539,,,0.0,144.60000000000002
AL,stability,A_weighted_n5,sine_gradual_frequent,sine_abrupt4,drift,7,20260112-233718-fr7_A_weighted_n5__sine_gradual_frequent,logs_v15p2_s0/trackAL_perm_confirm_stability_v15p2/sine_gradual_frequent/ts_drift_adapt/seed7/20260112-233718-fr7_A_weighted_n5/sine_gradual_frequent__ts_drift_adapt__seed7.csv,50000,weighted,N/A,N/A,N/A,N/A,N/A,N/A,N/A,0.66346,,,0.0,295.0
AL,stability,A_weighted_n5,sine_gradual_frequent,sine_abrupt4,drift,8,20260112-233718-fr7_A_weighted_n5__sine_gradual_frequent,logs_v15p2_s0/trackAL_perm_confirm_stability_v15p2/sine_gradual_frequent/ts_drift_adapt/seed8/20260112-233718-fr7_A_weighted_n5/sine_gradual_frequent__ts_drift_adapt__seed8.csv,50000,weighted,N/A,N/A,N/A,N/A,N/A,N/A,N/A,0.6628,,,0.0,247.0
AL,stability,A_weighted_n5,sine_gradual_frequent,sine_abrupt4,drift,9,20260112-233718-fr7_A_weighted_n5__sine_gradual_frequent,logs_v15p2_s0/trackAL_perm_confirm_stability_v15p2/sine_gradual_frequent/ts_drift_adapt/seed9/20260112-233718-fr7_A_weighted_n5/sine_gradual_frequent__ts_drift_adapt__seed9.csv,50000,weighted,N/A,N/A,N/A,N/A,N/A,N/A,N/A,0.68022,,,0.0,160.60000000000002
AL,stability,A_weighted_n5,sine_gradual_frequent,sine_abrupt4,drift,10,20260112-233718-fr7_A_weighted_n5__sine_gradual_frequent,logs_v15p2_s0/trackAL_perm_confirm_stability_v15p2/sine_gradual_frequent/ts_drift_adapt/seed10/20260112-233718-fr7_A_weighted_n5/sine_gradual_frequent__ts_drift_adapt__seed10.csv,50000,weighted,N/A,N/A,N/A,N/A,N/A,N/A,N/A,0.60094,,,0.0,192.60000000000005
AL,stability,A_weighted_n5,stagger_abrupt3,stagger_abrupt3,drift,1,20260112-233718-fr7_A_weighted_n5__stagger_abrupt3,logs_v15p2_s0/trackAL_perm_confirm_stability_v15p2/stagger_abrupt3/ts_drift_adapt/seed1/20260112-233718-fr7_A_weighted_n5/stagger_abrupt3__ts_drift_adapt__seed1.csv,51200,weighted,N/A,N/A,N/A,N/A,N/A,N/A,N/A,0.93681640625,,,0.5,7330.9000000000015
AL,stability,A_weighted_n5,stagger_abrupt3,stagger_abrupt3,drift,2,20260112-233718-fr7_A_weighted_n5__stagger_abrupt3,logs_v15p2_s0/trackAL_perm_confirm_stability_v15p2/stagger_abrupt3/ts_drift_adapt/seed2/20260112-233718-fr7_A_weighted_n5/stagger_abrupt3__ts_drift_adapt__seed2.csv,51200,weighted,N/A,N/A,N/A,N/A,N/A,N/A,N/A,0.9426953125,,,0.25,7081.300000000002
AL,stability,A_weighted_n5,stagger_abrupt3,stagger_abrupt3,drift,3,20260112-233718-fr7_A_weighted_n5__stagger_abrupt3,logs_v15p2_s0/trackAL_perm_confirm_stability_v15p2/stagger_abrupt3/ts_drift_adapt/seed3/20260112-233718-fr7_A_weighted_n5/stagger_abrupt3__ts_drift_adapt__seed3.csv,51200,weighted,N/A,N/A,N/A,N/A,N/A,N/A,N/A,0.93013671875,,,0.25,7023.700000000002
AL,stability,A_weighted_n5,stagger_abrupt3,stagger_abrupt3,drift,4,20260112-233718-fr7_A_weighted_n5__stagger_abrupt3,logs_v15p2_s0/trackAL_perm_confirm_stability_v15p2/stagger_abrupt3/ts_drift_adapt/seed4/20260112-233718-fr7_A_weighted_n5/stagger_abrupt3__ts_drift_adapt__seed4.csv,51200,weighted,N/A,N/A,N/A,N/A,N/A,N/A,N/A,0.93396484375,,,0.25,7023.700000000002
AL,stability,A_weighted_n5,stagger_abrupt3,stagger_abrupt3,drift,5,20260112-233718-fr7_A_weighted_n5__stagger_abrupt3,logs_v15p2_s0/trackAL_perm_confirm_stability_v15p2/stagger_abrupt3/ts_drift_adapt/seed5/20260112-233718-fr7_A_weighted_n5/stagger_abrupt3__ts_drift_adapt__seed5.csv,51200,weighted,N/A,N/A,N/A,N/A,N/A,N/A,N/A,0.93203125,,,0.5,8137.300000000001
AL,stability,A_weighted_n5,stagger_abrupt3,stagger_abrupt3,drift,6,20260112-233718-fr7_A_weighted_n5__stagger_abrupt3,logs_v15p2_s0/trackAL_perm_confirm_stability_v15p2/stagger_abrupt3/ts_drift_adapt/seed6/20260112-233718-fr7_A_weighted_n5/stagger_abrupt3__ts_drift_adapt__seed6.csv,51200,weighted,N/A,N/A,N/A,N/A,N/A,N/A,N/A,0.9313671875,,,0.5,8655.7
AL,stability,A_weighted_n5,stagger_abrupt3,stagger_abrupt3,drift,7,20260112-233718-fr7_A_weighted_n5__stagger_abrupt3,logs_v15p2_s0/trackAL_perm_confirm_stability_v15p2/stagger_abrupt3/ts_drift_adapt/seed7/20260112-233718-fr7_A_weighted_n5/stagger_abrupt3__ts_drift_adapt__seed7.csv,51200,weighted,N/A,N/A,N/A,N/A,N/A,N/A,N/A,0.9395703125,,,0.5,7292.500000000002
AL,stability,A_weighted_n5,stagger_abrupt3,stagger_abrupt3,drift,8,20260112-233718-fr7_A_weighted_n5__stagger_abrupt3,logs_v15p2_s0/trackAL_perm_confirm_stability_v15p2/stagger_abrupt3/ts_drift_adapt/seed8/20260112-233718-fr7_A_weighted_n5/stagger_abrupt3__ts_drift_adapt__seed8.csv,51200,weighted,N/A,N/A,N/A,N/A,N/A,N/A,N/A,0.9451953125,,,0.5,7158.100000000002
AL,stability,A_weighted_n5,stagger_abrupt3,stagger_abrupt3,drift,9,20260112-233718-fr7_A_weighted_n5__stagger_abrupt3,logs_v15p2_s0/trackAL_perm_confirm_stability_v15p2/stagger_abrupt3/ts_drift_adapt/seed9/20260112-233718-fr7_A_weighted_n5/stagger_abrupt3__ts_drift_adapt__seed9.csv,51200,weighted,N/A,N/A,N/A,N/A,N/A,N/A,N/A,0.93826171875,,,0.5,7388.500000000002
AL,stability,A_weighted_n5,stagger_abrupt3,stagger_abrupt3,drift,10,20260112-233718-fr7_A_weighted_n5__stagger_abrupt3,logs_v15p2_s0/trackAL_perm_confirm_stability_v15p2/stagger_abrupt3/ts_drift_adapt/seed10/20260112-233718-fr7_A_weighted_n5/stagger_abrupt3__ts_drift_adapt__seed10.csv,51200,weighted,N/A,N/A,N/A,N/A,N/A,N/A,N/A,0.9345703125,,,0.25,7119.700000000002
AL,stability,P_perm_vote_score_a0.02_pre500_post10_n5,sea_nodrift,sea_abrupt4,nodrift,1,20260112-234746-dqe_P_perm_vote_score_a0.02_pre500_post10_n5__sea_nodrift,logs_v15p2_s0/trackAL_perm_confirm_stability_v15p2/sea_nodrift/ts_drift_adapt/seed1/20260112-234746-dqe_P_perm_vote_score_a0.02_pre500_post10_n5/sea_nodrift__ts_drift_adapt__seed1.csv,50000,perm_test,vote_score,0.02,500,10,one_sided_pos,200,N/A,0.89242,29.2,338.9793103448276,,
AL,stability,P_perm_vote_score_a0.02_pre500_post10_n5,sea_nodrift,sea_abrupt4,nodrift,2,20260112-234746-dqe_P_perm_vote_score_a0.02_pre500_post10_n5__sea_nodrift,logs_v15p2_s0/trackAL_perm_confirm_stability_v15p2/sea_nodrift/ts_drift_adapt/seed2/20260112-234746-dqe_P_perm_vote_score_a0.02_pre500_post10_n5/sea_nodrift__ts_drift_adapt__seed2.csv,50000,perm_test,vote_score,0.02,500,10,one_sided_pos,200,N/A,0.8861,30.0,330.30872483221475,,
AL,stability,P_perm_vote_score_a0.02_pre500_post10_n5,sea_nodrift,sea_abrupt4,nodrift,3,20260112-234746-dqe_P_perm_vote_score_a0.02_pre500_post10_n5__sea_nodrift,logs_v15p2_s0/trackAL_perm_confirm_stability_v15p2/sea_nodrift/ts_drift_adapt/seed3/20260112-234746-dqe_P_perm_vote_score_a0.02_pre500_post10_n5/sea_nodrift__ts_drift_adapt__seed3.csv,50000,perm_test,vote_score,0.02,500,10,one_sided_pos,200,N/A,0.89378,28.8,345.06293706293707,,
AL,stability,P_perm_vote_score_a0.02_pre500_post10_n5,sea_nodrift,sea_abrupt4,nodrift,4,20260112-234746-dqe_P_perm_vote_score_a0.02_pre500_post10_n5__sea_nodrift,logs_v15p2_s0/trackAL_perm_confirm_stability_v15p2/sea_nodrift/ts_drift_adapt/seed4/20260112-234746-dqe_P_perm_vote_score_a0.02_pre500_post10_n5/sea_nodrift__ts_drift_adapt__seed4.csv,50000,perm_test,vote_score,0.02,500,10,one_sided_pos,200,N/A,0.887,29.2,338.9793103448276,,
AL,stability,P_perm_vote_score_a0.02_pre500_post10_n5,sea_nodrift,sea_abrupt4,nodrift,5,20260112-234746-dqe_P_perm_vote_score_a0.02_pre500_post10_n5__sea_nodrift,logs_v15p2_s0/trackAL_perm_confirm_stability_v15p2/sea_nodrift/ts_drift_adapt/seed5/20260112-234746-dqe_P_perm_vote_score_a0.02_pre500_post10_n5/sea_nodrift__ts_drift_adapt__seed5.csv,50000,perm_test,vote_score,0.02,500,10,one_sided_pos,200,N/A,0.87802,29.6,335.78231292517006,,
AL,stability,P_perm_vote_score_a0.02_pre500_post10_n5,sea_nodrift,sea_abrupt4,nodrift,6,20260112-234746-dqe_P_perm_vote_score_a0.02_pre500_post10_n5__sea_nodrift,logs_v15p2_s0/trackAL_perm_confirm_stability_v15p2/sea_nodrift/ts_drift_adapt/seed6/20260112-234746-dqe_P_perm_vote_score_a0.02_pre500_post10_n5/sea_nodrift__ts_drift_adapt__seed6.csv,50000,perm_test,vote_score,0.02,500,10,one_sided_pos,200,N/A,0.9027,28.0,351.76978417266184,,
AL,stability,P_perm_vote_score_a0.02_pre500_post10_n5,sea_nodrift,sea_abrupt4,nodrift,7,20260112-234746-dqe_P_perm_vote_score_a0.02_pre500_post10_n5__sea_nodrift,logs_v15p2_s0/trackAL_perm_confirm_stability_v15p2/sea_nodrift/ts_drift_adapt/seed7/20260112-234746-dqe_P_perm_vote_score_a0.02_pre500_post10_n5/sea_nodrift__ts_drift_adapt__seed7.csv,50000,perm_test,vote_score,0.02,500,10,one_sided_pos,200,N/A,0.87704,29.8,331.6756756756757,,
AL,stability,P_perm_vote_score_a0.02_pre500_post10_n5,sea_nodrift,sea_abrupt4,nodrift,8,20260112-234746-dqe_P_perm_vote_score_a0.02_pre500_post10_n5__sea_nodrift,logs_v15p2_s0/trackAL_perm_confirm_stability_v15p2/sea_nodrift/ts_drift_adapt/seed8/20260112-234746-dqe_P_perm_vote_score_a0.02_pre500_post10_n5/sea_nodrift__ts_drift_adapt__seed8.csv,50000,perm_test,vote_score,0.02,500,10,one_sided_pos,200,N/A,0.88968,27.8,357.1014492753623,,
AL,stability,P_perm_vote_score_a0.02_pre500_post10_n5,sea_nodrift,sea_abrupt4,nodrift,9,20260112-234746-dqe_P_perm_vote_score_a0.02_pre500_post10_n5__sea_nodrift,logs_v15p2_s0/trackAL_perm_confirm_stability_v15p2/sea_nodrift/ts_drift_adapt/seed9/20260112-234746-dqe_P_perm_vote_score_a0.02_pre500_post10_n5/sea_nodrift__ts_drift_adapt__seed9.csv,50000,perm_test,vote_score,0.02,500,10,one_sided_pos,200,N/A,0.8989,28.8,343.72027972027973,,
AL,stability,P_perm_vote_score_a0.02_pre500_post10_n5,sea_nodrift,sea_abrupt4,nodrift,10,20260112-234746-dqe_P_perm_vote_score_a0.02_pre500_post10_n5__sea_nodrift,logs_v15p2_s0/trackAL_perm_confirm_stability_v15p2/sea_nodrift/ts_drift_adapt/seed10/20260112-234746-dqe_P_perm_vote_score_a0.02_pre500_post10_n5/sea_nodrift__ts_drift_adapt__seed10.csv,50000,perm_test,vote_score,0.02,500,10,one_sided_pos,200,N/A,0.88658,28.6,347.6056338028169,,
AL,stability,P_perm_vote_score_a0.02_pre500_post10_n5,sine_nodrift,sine_abrupt4,nodrift,1,20260112-234746-dqe_P_perm_vote_score_a0.02_pre500_post10_n5__sine_nodrift,logs_v15p2_s0/trackAL_perm_confirm_stability_v15p2/sine_nodrift/ts_drift_adapt/seed1/20260112-234746-dqe_P_perm_vote_score_a0.02_pre500_post10_n5/sine_nodrift__ts_drift_adapt__seed1.csv,10000,perm_test,vote_score,0.02,500,10,one_sided_pos,200,N/A,0.9108,26.0,371.2,,
AL,stability,P_perm_vote_score_a0.02_pre500_post10_n5,sine_nodrift,sine_abrupt4,nodrift,2,20260112-234746-dqe_P_perm_vote_score_a0.02_pre500_post10_n5__sine_nodrift,logs_v15p2_s0/trackAL_perm_confirm_stability_v15p2/sine_nodrift/ts_drift_adapt/seed2/20260112-234746-dqe_P_perm_vote_score_a0.02_pre500_post10_n5/sine_nodrift__ts_drift_adapt__seed2.csv,10000,perm_test,vote_score,0.02,500,10,one_sided_pos,200,N/A,0.9247,22.0,414.4761904761905,,
AL,stability,P_perm_vote_score_a0.02_pre500_post10_n5,sine_nodrift,sine_abrupt4,nodrift,3,20260112-234746-dqe_P_perm_vote_score_a0.02_pre500_post10_n5__sine_nodrift,logs_v15p2_s0/trackAL_perm_confirm_stability_v15p2/sine_nodrift/ts_drift_adapt/seed3/20260112-234746-dqe_P_perm_vote_score_a0.02_pre500_post10_n5/sine_nodrift__ts_drift_adapt__seed3.csv,10000,perm_test,vote_score,0.02,500,10,one_sided_pos,200,N/A,0.925,23.0,404.3636363636364,,
AL,stability,P_perm_vote_score_a0.02_pre500_post10_n5,sine_nodrift,sine_abrupt4,nodrift,4,20260112-234746-dqe_P_perm_vote_score_a0.02_pre500_post10_n5__sine_nodrift,logs_v15p2_s0/trackAL_perm_confirm_stability_v15p2/sine_nodrift/ts_drift_adapt/seed4/20260112-234746-dqe_P_perm_vote_score_a0.02_pre500_post10_n5/sine_nodrift__ts_drift_adapt__seed4.csv,10000,perm_test,vote_score,0.02,500,10,one_sided_pos,200,N/A,0.9236,22.0,438.85714285714283,,
AL,stability,P_perm_vote_score_a0.02_pre500_post10_n5,sine_nodrift,sine_abrupt4,nodrift,5,20260112-234746-dqe_P_perm_vote_score_a0.02_pre500_post10_n5__sine_nodrift,logs_v15p2_s0/trackAL_perm_confirm_stability_v15p2/sine_nodrift/ts_drift_adapt/seed5/20260112-234746-dqe_P_perm_vote_score_a0.02_pre500_post10_n5/sine_nodrift__ts_drift_adapt__seed5.csv,10000,perm_test,vote_score,0.02,500,10,one_sided_pos,200,N/A,0.9073,24.0,386.7826086956522,,
AL,stability,P_perm_vote_score_a0.02_pre500_post10_n5,sine_nodrift,sine_abrupt4,nodrift,6,20260112-234746-dqe_P_perm_vote_score_a0.02_pre500_post10_n5__sine_nodrift,logs_v15p2_s0/trackAL_perm_confirm_stability_v15p2/sine_nodrift/ts_drift_adapt/seed6/20260112-234746-dqe_P_perm_vote_score_a0.02_pre500_post10_n5/sine_nodrift__ts_drift_adapt__seed6.csv,10000,perm_test,vote_score,0.02,500,10,one_sided_pos,200,N/A,0.902,25.0,376.0,,
AL,stability,P_perm_vote_score_a0.02_pre500_post10_n5,sine_nodrift,sine_abrupt4,nodrift,7,20260112-234746-dqe_P_perm_vote_score_a0.02_pre500_post10_n5__sine_nodrift,logs_v15p2_s0/trackAL_perm_confirm_stability_v15p2/sine_nodrift/ts_drift_adapt/seed7/20260112-234746-dqe_P_perm_vote_score_a0.02_pre500_post10_n5/sine_nodrift__ts_drift_adapt__seed7.csv,10000,perm_test,vote_score,0.02,500,10,one_sided_pos,200,N/A,0.9348,24.0,389.5652173913044,,
AL,stability,P_perm_vote_score_a0.02_pre500_post10_n5,sine_nodrift,sine_abrupt4,nodrift,8,20260112-234746-dqe_P_perm_vote_score_a0.02_pre500_post10_n5__sine_nodrift,logs_v15p2_s0/trackAL_perm_confirm_stability_v15p2/sine_nodrift/ts_drift_adapt/seed8/20260112-234746-dqe_P_perm_vote_score_a0.02_pre500_post10_n5/sine_nodrift__ts_drift_adapt__seed8.csv,10000,perm_test,vote_score,0.02,500,10,one_sided_pos,200,N/A,0.9281,25.0,389.3333333333333,,
AL,stability,P_perm_vote_score_a0.02_pre500_post10_n5,sine_nodrift,sine_abrupt4,nodrift,9,20260112-234746-dqe_P_perm_vote_score_a0.02_pre500_post10_n5__sine_nodrift,logs_v15p2_s0/trackAL_perm_confirm_stability_v15p2/sine_nodrift/ts_drift_adapt/seed9/20260112-234746-dqe_P_perm_vote_score_a0.02_pre500_post10_n5/sine_nodrift__ts_drift_adapt__seed9.csv,10000,perm_test,vote_score,0.02,500,10,one_sided_pos,200,N/A,0.9243,21.0,460.8,,
AL,stability,P_perm_vote_score_a0.02_pre500_post10_n5,sine_nodrift,sine_abrupt4,nodrift,10,20260112-234746-dqe_P_perm_vote_score_a0.02_pre500_post10_n5__sine_nodrift,logs_v15p2_s0/trackAL_perm_confirm_stability_v15p2/sine_nodrift/ts_drift_adapt/seed10/20260112-234746-dqe_P_perm_vote_score_a0.02_pre500_post10_n5/sine_nodrift__ts_drift_adapt__seed10.csv,10000,perm_test,vote_score,0.02,500,10,one_sided_pos,200,N/A,0.9184,25.0,376.0,,
AL,stability,P_perm_vote_score_a0.02_pre500_post10_n5,sea_abrupt4,sea_abrupt4,drift,1,20260112-234746-dqe_P_perm_vote_score_a0.02_pre500_post10_n5__sea_abrupt4,logs_v15p2_s0/trackAL_perm_confirm_stability_v15p2/sea_abrupt4/ts_drift_adapt/seed1/20260112-234746-dqe_P_perm_vote_score_a0.02_pre500_post10_n5/sea_abrupt4__ts_drift_adapt__seed1.csv,50000,perm_test,vote_score,0.02,500,10,one_sided_pos,200,N/A,0.87134,,,0.0,245.40000000000003
AL,stability,P_perm_vote_score_a0.02_pre500_post10_n5,sea_abrupt4,sea_abrupt4,drift,2,20260112-234746-dqe_P_perm_vote_score_a0.02_pre500_post10_n5__sea_abrupt4,logs_v15p2_s0/trackAL_perm_confirm_stability_v15p2/sea_abrupt4/ts_drift_adapt/seed2/20260112-234746-dqe_P_perm_vote_score_a0.02_pre500_post10_n5/sea_abrupt4__ts_drift_adapt__seed2.csv,50000,perm_test,vote_score,0.02,500,10,one_sided_pos,200,N/A,0.87476,,,0.0,154.2
AL,stability,P_perm_vote_score_a0.02_pre500_post10_n5,sea_abrupt4,sea_abrupt4,drift,3,20260112-234746-dqe_P_perm_vote_score_a0.02_pre500_post10_n5__sea_abrupt4,logs_v15p2_s0/trackAL_perm_confirm_stability_v15p2/sea_abrupt4/ts_drift_adapt/seed3/20260112-234746-dqe_P_perm_vote_score_a0.02_pre500_post10_n5/sea_abrupt4__ts_drift_adapt__seed3.csv,50000,perm_test,vote_score,0.02,500,10,one_sided_pos,200,N/A,0.88478,,,0.0,269.40000000000003
AL,stability,P_perm_vote_score_a0.02_pre500_post10_n5,sea_abrupt4,sea_abrupt4,drift,4,20260112-234746-dqe_P_perm_vote_score_a0.02_pre500_post10_n5__sea_abrupt4,logs_v15p2_s0/trackAL_perm_confirm_stability_v15p2/sea_abrupt4/ts_drift_adapt/seed4/20260112-234746-dqe_P_perm_vote_score_a0.02_pre500_post10_n5/sea_abrupt4__ts_drift_adapt__seed4.csv,50000,perm_test,vote_score,0.02,500,10,one_sided_pos,200,N/A,0.87634,,,0.0,336.6
AL,stability,P_perm_vote_score_a0.02_pre500_post10_n5,sea_abrupt4,sea_abrupt4,drift,5,20260112-234746-dqe_P_perm_vote_score_a0.02_pre500_post10_n5__sea_abrupt4,logs_v15p2_s0/trackAL_perm_confirm_stability_v15p2/sea_abrupt4/ts_drift_adapt/seed5/20260112-234746-dqe_P_perm_vote_score_a0.02_pre500_post10_n5/sea_abrupt4__ts_drift_adapt__seed5.csv,50000,perm_test,vote_score,0.02,500,10,one_sided_pos,200,N/A,0.88176,,,0.0,234.2
AL,stability,P_perm_vote_score_a0.02_pre500_post10_n5,sea_abrupt4,sea_abrupt4,drift,6,20260112-234746-dqe_P_perm_vote_score_a0.02_pre500_post10_n5__sea_abrupt4,logs_v15p2_s0/trackAL_perm_confirm_stability_v15p2/sea_abrupt4/ts_drift_adapt/seed6/20260112-234746-dqe_P_perm_vote_score_a0.02_pre500_post10_n5/sea_abrupt4__ts_drift_adapt__seed6.csv,50000,perm_test,vote_score,0.02,500,10,one_sided_pos,200,N/A,0.85878,,,0.0,240.60000000000002
AL,stability,P_perm_vote_score_a0.02_pre500_post10_n5,sea_abrupt4,sea_abrupt4,drift,7,20260112-234746-dqe_P_perm_vote_score_a0.02_pre500_post10_n5__sea_abrupt4,logs_v15p2_s0/trackAL_perm_confirm_stability_v15p2/sea_abrupt4/ts_drift_adapt/seed7/20260112-234746-dqe_P_perm_vote_score_a0.02_pre500_post10_n5/sea_abrupt4__ts_drift_adapt__seed7.csv,50000,perm_test,vote_score,0.02,500,10,one_sided_pos,200,N/A,0.87662,,,0.0,205.40000000000003
AL,stability,P_perm_vote_score_a0.02_pre500_post10_n5,sea_abrupt4,sea_abrupt4,drift,8,20260112-234746-dqe_P_perm_vote_score_a0.02_pre500_post10_n5__sea_abrupt4,logs_v15p2_s0/trackAL_perm_confirm_stability_v15p2/sea_abrupt4/ts_drift_adapt/seed8/20260112-234746-dqe_P_perm_vote_score_a0.02_pre500_post10_n5/sea_abrupt4__ts_drift_adapt__seed8.csv,50000,perm_test,vote_score,0.02,500,10,one_sided_pos,200,N/A,0.87254,,,0.0,293.4
AL,stability,P_perm_vote_score_a0.02_pre500_post10_n5,sea_abrupt4,sea_abrupt4,drift,9,20260112-234746-dqe_P_perm_vote_score_a0.02_pre500_post10_n5__sea_abrupt4,logs_v15p2_s0/trackAL_perm_confirm_stability_v15p2/sea_abrupt4/ts_drift_adapt/seed9/20260112-234746-dqe_P_perm_vote_score_a0.02_pre500_post10_n5/sea_abrupt4__ts_drift_adapt__seed9.csv,50000,perm_test,vote_score,0.02,500,10,one_sided_pos,200,N/A,0.87944,,,0.0,304.6
AL,stability,P_perm_vote_score_a0.02_pre500_post10_n5,sea_abrupt4,sea_abrupt4,drift,10,20260112-234746-dqe_P_perm_vote_score_a0.02_pre500_post10_n5__sea_abrupt4,logs_v15p2_s0/trackAL_perm_confirm_stability_v15p2/sea_abrupt4/ts_drift_adapt/seed10/20260112-234746-dqe_P_perm_vote_score_a0.02_pre500_post10_n5/sea_abrupt4__ts_drift_adapt__seed10.csv,50000,perm_test,vote_score,0.02,500,10,one_sided_pos,200,N/A,0.88194,,,0.0,290.20000000000005
AL,stability,P_perm_vote_score_a0.02_pre500_post10_n5,sine_abrupt4,sine_abrupt4,drift,1,20260112-234746-dqe_P_perm_vote_score_a0.02_pre500_post10_n5__sine_abrupt4,logs_v15p2_s0/trackAL_perm_confirm_stability_v15p2/sine_abrupt4/ts_drift_adapt/seed1/20260112-234746-dqe_P_perm_vote_score_a0.02_pre500_post10_n5/sine_abrupt4__ts_drift_adapt__seed1.csv,50000,perm_test,vote_score,0.02,500,10,one_sided_pos,200,N/A,0.64388,,,0.0,256.6
AL,stability,P_perm_vote_score_a0.02_pre500_post10_n5,sine_abrupt4,sine_abrupt4,drift,2,20260112-234746-dqe_P_perm_vote_score_a0.02_pre500_post10_n5__sine_abrupt4,logs_v15p2_s0/trackAL_perm_confirm_stability_v15p2/sine_abrupt4/ts_drift_adapt/seed2/20260112-234746-dqe_P_perm_vote_score_a0.02_pre500_post10_n5/sine_abrupt4__ts_drift_adapt__seed2.csv,50000,perm_test,vote_score,0.02,500,10,one_sided_pos,200,N/A,0.66258,,,0.0,117.4
AL,stability,P_perm_vote_score_a0.02_pre500_post10_n5,sine_abrupt4,sine_abrupt4,drift,3,20260112-234746-dqe_P_perm_vote_score_a0.02_pre500_post10_n5__sine_abrupt4,logs_v15p2_s0/trackAL_perm_confirm_stability_v15p2/sine_abrupt4/ts_drift_adapt/seed3/20260112-234746-dqe_P_perm_vote_score_a0.02_pre500_post10_n5/sine_abrupt4__ts_drift_adapt__seed3.csv,50000,perm_test,vote_score,0.02,500,10,one_sided_pos,200,N/A,0.63984,,,0.0,271.00000000000006
AL,stability,P_perm_vote_score_a0.02_pre500_post10_n5,sine_abrupt4,sine_abrupt4,drift,4,20260112-234746-dqe_P_perm_vote_score_a0.02_pre500_post10_n5__sine_abrupt4,logs_v15p2_s0/trackAL_perm_confirm_stability_v15p2/sine_abrupt4/ts_drift_adapt/seed4/20260112-234746-dqe_P_perm_vote_score_a0.02_pre500_post10_n5/sine_abrupt4__ts_drift_adapt__seed4.csv,50000,perm_test,vote_score,0.02,500,10,one_sided_pos,200,N/A,0.65318,,,0.0,154.2
AL,stability,P_perm_vote_score_a0.02_pre500_post10_n5,sine_abrupt4,sine_abrupt4,drift,5,20260112-234746-dqe_P_perm_vote_score_a0.02_pre500_post10_n5__sine_abrupt4,logs_v15p2_s0/trackAL_perm_confirm_stability_v15p2/sine_abrupt4/ts_drift_adapt/seed5/20260112-234746-dqe_P_perm_vote_score_a0.02_pre500_post10_n5/sine_abrupt4__ts_drift_adapt__seed5.csv,50000,perm_test,vote_score,0.02,500,10,one_sided_pos,200,N/A,0.6568,,,0.0,275.80000000000007
AL,stability,P_perm_vote_score_a0.02_pre500_post10_n5,sine_abrupt4,sine_abrupt4,drift,6,20260112-234746-dqe_P_perm_vote_score_a0.02_pre500_post10_n5__sine_abrupt4,logs_v15p2_s0/trackAL_perm_confirm_stability_v15p2/sine_abrupt4/ts_drift_adapt/seed6/20260112-234746-dqe_P_perm_vote_score_a0.02_pre500_post10_n5/sine_abrupt4__ts_drift_adapt__seed6.csv,50000,perm_test,vote_score,0.02,500,10,one_sided_pos,200,N/A,0.6388,,,0.0,192.60000000000005
AL,stability,P_perm_vote_score_a0.02_pre500_post10_n5,sine_abrupt4,sine_abrupt4,drift,7,20260112-234746-dqe_P_perm_vote_score_a0.02_pre500_post10_n5__sine_abrupt4,logs_v15p2_s0/trackAL_perm_confirm_stability_v15p2/sine_abrupt4/ts_drift_adapt/seed7/20260112-234746-dqe_P_perm_vote_score_a0.02_pre500_post10_n5/sine_abrupt4__ts_drift_adapt__seed7.csv,50000,perm_test,vote_score,0.02,500,10,one_sided_pos,200,N/A,0.65098,,,0.0,271.00000000000006
AL,stability,P_perm_vote_score_a0.02_pre500_post10_n5,sine_abrupt4,sine_abrupt4,drift,8,20260112-234746-dqe_P_perm_vote_score_a0.02_pre500_post10_n5__sine_abrupt4,logs_v15p2_s0/trackAL_perm_confirm_stability_v15p2/sine_abrupt4/ts_drift_adapt/seed8/20260112-234746-dqe_P_perm_vote_score_a0.02_pre500_post10_n5/sine_abrupt4__ts_drift_adapt__seed8.csv,50000,perm_test,vote_score,0.02,500,10,one_sided_pos,200,N/A,0.66898,,,0.0,299.80000000000007
AL,stability,P_perm_vote_score_a0.02_pre500_post10_n5,sine_abrupt4,sine_abrupt4,drift,9,20260112-234746-dqe_P_perm_vote_score_a0.02_pre500_post10_n5__sine_abrupt4,logs_v15p2_s0/trackAL_perm_confirm_stability_v15p2/sine_abrupt4/ts_drift_adapt/seed9/20260112-234746-dqe_P_perm_vote_score_a0.02_pre500_post10_n5/sine_abrupt4__ts_drift_adapt__seed9.csv,50000,perm_test,vote_score,0.02,500,10,one_sided_pos,200,N/A,0.63608,,,0.0,202.2
AL,stability,P_perm_vote_score_a0.02_pre500_post10_n5,sine_abrupt4,sine_abrupt4,drift,10,20260112-234746-dqe_P_perm_vote_score_a0.02_pre500_post10_n5__sine_abrupt4,logs_v15p2_s0/trackAL_perm_confirm_stability_v15p2/sine_abrupt4/ts_drift_adapt/seed10/20260112-234746-dqe_P_perm_vote_score_a0.02_pre500_post10_n5/sine_abrupt4__ts_drift_adapt__seed10.csv,50000,perm_test,vote_score,0.02,500,10,one_sided_pos,200,N/A,0.63872,,,0.0,245.40000000000003
AL,stability,P_perm_vote_score_a0.02_pre500_post10_n5,sea_gradual_frequent,sea_abrupt4,drift,1,20260112-234746-dqe_P_perm_vote_score_a0.02_pre500_post10_n5__sea_gradual_frequent,logs_v15p2_s0/trackAL_perm_confirm_stability_v15p2/sea_gradual_frequent/ts_drift_adapt/seed1/20260112-234746-dqe_P_perm_vote_score_a0.02_pre500_post10_n5/sea_gradual_frequent__ts_drift_adapt__seed1.csv,50000,perm_test,vote_score,0.02,500,10,one_sided_pos,200,N/A,0.86832,,,0.0,272.6
AL,stability,P_perm_vote_score_a0.02_pre500_post10_n5,sea_gradual_frequent,sea_abrupt4,drift,2,20260112-234746-dqe_P_perm_vote_score_a0.02_pre500_post10_n5__sea_gradual_frequent,logs_v15p2_s0/trackAL_perm_confirm_stability_v15p2/sea_gradual_frequent/ts_drift_adapt/seed2/20260112-234746-dqe_P_perm_vote_score_a0.02_pre500_post10_n5/sea_gradual_frequent__ts_drift_adapt__seed2.csv,50000,perm_test,vote_score,0.02,500,10,one_sided_pos,200,N/A,0.8725,,,0.0,266.20000000000005
AL,stability,P_perm_vote_score_a0.02_pre500_post10_n5,sea_gradual_frequent,sea_abrupt4,drift,3,20260112-234746-dqe_P_perm_vote_score_a0.02_pre500_post10_n5__sea_gradual_frequent,logs_v15p2_s0/trackAL_perm_confirm_stability_v15p2/sea_gradual_frequent/ts_drift_adapt/seed3/20260112-234746-dqe_P_perm_vote_score_a0.02_pre500_post10_n5/sea_gradual_frequent__ts_drift_adapt__seed3.csv,50000,perm_test,vote_score,0.02,500,10,one_sided_pos,200,N/A,0.87374,,,0.0,343.00000000000006
AL,stability,P_perm_vote_score_a0.02_pre500_post10_n5,sea_gradual_frequent,sea_abrupt4,drift,4,20260112-234746-dqe_P_perm_vote_score_a0.02_pre500_post10_n5__sea_gradual_frequent,logs_v15p2_s0/trackAL_perm_confirm_stability_v15p2/sea_gradual_frequent/ts_drift_adapt/seed4/20260112-234746-dqe_P_perm_vote_score_a0.02_pre500_post10_n5/sea_gradual_frequent__ts_drift_adapt__seed4.csv,50000,perm_test,vote_score,0.02,500,10,one_sided_pos,200,N/A,0.88316,,,0.0,275.80000000000007
AL,stability,P_perm_vote_score_a0.02_pre500_post10_n5,sea_gradual_frequent,sea_abrupt4,drift,5,20260112-234746-dqe_P_perm_vote_score_a0.02_pre500_post10_n5__sea_gradual_frequent,logs_v15p2_s0/trackAL_perm_confirm_stability_v15p2/sea_gradual_frequent/ts_drift_adapt/seed5/20260112-234746-dqe_P_perm_vote_score_a0.02_pre500_post10_n5/sea_gradual_frequent__ts_drift_adapt__seed5.csv,50000,perm_test,vote_score,0.02,500,10,one_sided_pos,200,N/A,0.88294,,,0.0,274.20000000000005
AL,stability,P_perm_vote_score_a0.02_pre500_post10_n5,sea_gradual_frequent,sea_abrupt4,drift,6,20260112-234746-dqe_P_perm_vote_score_a0.02_pre500_post10_n5__sea_gradual_frequent,logs_v15p2_s0/trackAL_perm_confirm_stability_v15p2/sea_gradual_frequent/ts_drift_adapt/seed6/20260112-234746-dqe_P_perm_vote_score_a0.02_pre500_post10_n5/sea_gradual_frequent__ts_drift_adapt__seed6.csv,50000,perm_test,vote_score,0.02,500,10,one_sided_pos,200,N/A,0.8673,,,0.0,295.0
AL,stability,P_perm_vote_score_a0.02_pre500_post10_n5,sea_gradual_frequent,sea_abrupt4,drift,7,20260112-234746-dqe_P_perm_vote_score_a0.02_pre500_post10_n5__sea_gradual_frequent,logs_v15p2_s0/trackAL_perm_confirm_stability_v15p2/sea_gradual_frequent/ts_drift_adapt/seed7/20260112-234746-dqe_P_perm_vote_score_a0.02_pre500_post10_n5/sea_gradual_frequent__ts_drift_adapt__seed7.csv,50000,perm_test,vote_score,0.02,500,10,one_sided_pos,200,N/A,0.8802,,,0.0,271.00000000000006
AL,stability,P_perm_vote_score_a0.02_pre500_post10_n5,sea_gradual_frequent,sea_abrupt4,drift,8,20260112-234746-dqe_P_perm_vote_score_a0.02_pre500_post10_n5__sea_gradual_frequent,logs_v15p2_s0/trackAL_perm_confirm_stability_v15p2/sea_gradual_frequent/ts_drift_adapt/seed8/20260112-234746-dqe_P_perm_vote_score_a0.02_pre500_post10_n5/sea_gradual_frequent__ts_drift_adapt__seed8.csv,50000,perm_test,vote_score,0.02,500,10,one_sided_pos,200,N/A,0.86676,,,0.0,138.2
AL,stability,P_perm_vote_score_a0.02_pre500_post10_n5,sea_gradual_frequent,sea_abrupt4,drift,9,20260112-234746-dqe_P_perm_vote_score_a0.02_pre500_post10_n5__sea_gradual_frequent,logs_v15p2_s0/trackAL_perm_confirm_stability_v15p2/sea_gradual_frequent/ts_drift_adapt/seed9/20260112-234746-dqe_P_perm_vote_score_a0.02_pre500_post10_n5/sea_gradual_frequent__ts_drift_adapt__seed9.csv,50000,perm_test,vote_score,0.02,500,10,one_sided_pos,200,N/A,0.87886,,,0.0,266.20000000000005
AL,stability,P_perm_vote_score_a0.02_pre500_post10_n5,sea_gradual_frequent,sea_abrupt4,drift,10,20260112-234746-dqe_P_perm_vote_score_a0.02_pre500_post10_n5__sea_gradual_frequent,logs_v15p2_s0/trackAL_perm_confirm_stability_v15p2/sea_gradual_frequent/ts_drift_adapt/seed10/20260112-234746-dqe_P_perm_vote_score_a0.02_pre500_post10_n5/sea_gradual_frequent__ts_drift_adapt__seed10.csv,50000,perm_test,vote_score,0.02,500,10,one_sided_pos,200,N/A,0.88,,,0.0,258.20000000000005
AL,stability,P_perm_vote_score_a0.02_pre500_post10_n5,sine_gradual_frequent,sine_abrupt4,drift,1,20260112-234746-dqe_P_perm_vote_score_a0.02_pre500_post10_n5__sine_gradual_frequent,logs_v15p2_s0/trackAL_perm_confirm_stability_v15p2/sine_gradual_frequent/ts_drift_adapt/seed1/20260112-234746-dqe_P_perm_vote_score_a0.02_pre500_post10_n5/sine_gradual_frequent__ts_drift_adapt__seed1.csv,50000,perm_test,vote_score,0.02,500,10,one_sided_pos,200,N/A,0.65394,,,0.0,175.00000000000003
AL,stability,P_perm_vote_score_a0.02_pre500_post10_n5,sine_gradual_frequent,sine_abrupt4,drift,2,20260112-234746-dqe_P_perm_vote_score_a0.02_pre500_post10_n5__sine_gradual_frequent,logs_v15p2_s0/trackAL_perm_confirm_stability_v15p2/sine_gradual_frequent/ts_drift_adapt/seed2/20260112-234746-dqe_P_perm_vote_score_a0.02_pre500_post10_n5/sine_gradual_frequent__ts_drift_adapt__seed2.csv,50000,perm_test,vote_score,0.02,500,10,one_sided_pos,200,N/A,0.64112,,,0.0,309.40000000000003
AL,stability,P_perm_vote_score_a0.02_pre500_post10_n5,sine_gradual_frequent,sine_abrupt4,drift,3,20260112-234746-dqe_P_perm_vote_score_a0.02_pre500_post10_n5__sine_gradual_frequent,logs_v15p2_s0/trackAL_perm_confirm_stability_v15p2/sine_gradual_frequent/ts_drift_adapt/seed3/20260112-234746-dqe_P_perm_vote_score_a0.02_pre500_post10_n5/sine_gradual_frequent__ts_drift_adapt__seed3.csv,50000,perm_test,vote_score,0.02,500,10,one_sided_pos,200,N/A,0.6458,,,0.0,149.4
AL,stability,P_perm_vote_score_a0.02_pre500_post10_n5,sine_gradual_frequent,sine_abrupt4,drift,4,20260112-234746-dqe_P_perm_vote_score_a0.02_pre500_post10_n5__sine_gradual_frequent,logs_v15p2_s0/trackAL_perm_confirm_stability_v15p2/sine_gradual_frequent/ts_drift_adapt/seed4/20260112-234746-dqe_P_perm_vote_score_a0.02_pre500_post10_n5/sine_gradual_frequent__ts_drift_adapt__seed4.csv,50000,perm_test,vote_score,0.02,500,10,one_sided_pos,200,N/A,0.6384,,,0.0,128.6
AL,stability,P_perm_vote_score_a0.02_pre500_post10_n5,sine_gradual_frequent,sine_abrupt4,drift,5,20260112-234746-dqe_P_perm_vote_score_a0.02_pre500_post10_n5__sine_gradual_frequent,logs_v15p2_s0/trackAL_perm_confirm_stability_v15p2/sine_gradual_frequent/ts_drift_adapt/seed5/20260112-234746-dqe_P_perm_vote_score_a0.02_pre500_post10_n5/sine_gradual_frequent__ts_drift_adapt__seed5.csv,50000,perm_test,vote_score,0.02,500,10,one_sided_pos,200,N/A,0.66718,,,0.0,314.20000000000005
AL,stability,P_perm_vote_score_a0.02_pre500_post10_n5,sine_gradual_frequent,sine_abrupt4,drift,6,20260112-234746-dqe_P_perm_vote_score_a0.02_pre500_post10_n5__sine_gradual_frequent,logs_v15p2_s0/trackAL_perm_confirm_stability_v15p2/sine_gradual_frequent/ts_drift_adapt/seed6/20260112-234746-dqe_P_perm_vote_score_a0.02_pre500_post10_n5/sine_gradual_frequent__ts_drift_adapt__seed6.csv,50000,perm_test,vote_score,0.02,500,10,one_sided_pos,200,N/A,0.62288,,,0.0,90.2
AL,stability,P_perm_vote_score_a0.02_pre500_post10_n5,sine_gradual_frequent,sine_abrupt4,drift,7,20260112-234746-dqe_P_perm_vote_score_a0.02_pre500_post10_n5__sine_gradual_frequent,logs_v15p2_s0/trackAL_perm_confirm_stability_v15p2/sine_gradual_frequent/ts_drift_adapt/seed7/20260112-234746-dqe_P_perm_vote_score_a0.02_pre500_post10_n5/sine_gradual_frequent__ts_drift_adapt__seed7.csv,50000,perm_test,vote_score,0.02,500,10,one_sided_pos,200,N/A,0.66554,,,0.25,405.4000000000001
AL,stability,P_perm_vote_score_a0.02_pre500_post10_n5,sine_gradual_frequent,sine_abrupt4,drift,8,20260112-234746-dqe_P_perm_vote_score_a0.02_pre500_post10_n5__sine_gradual_frequent,logs_v15p2_s0/trackAL_perm_confirm_stability_v15p2/sine_gradual_frequent/ts_drift_adapt/seed8/20260112-234746-dqe_P_perm_vote_score_a0.02_pre500_post10_n5/sine_gradual_frequent__ts_drift_adapt__seed8.csv,50000,perm_test,vote_score,0.02,500,10,one_sided_pos,200,N/A,0.6525,,,0.0,218.20000000000002
AL,stability,P_perm_vote_score_a0.02_pre500_post10_n5,sine_gradual_frequent,sine_abrupt4,drift,9,20260112-234746-dqe_P_perm_vote_score_a0.02_pre500_post10_n5__sine_gradual_frequent,logs_v15p2_s0/trackAL_perm_confirm_stability_v15p2/sine_gradual_frequent/ts_drift_adapt/seed9/20260112-234746-dqe_P_perm_vote_score_a0.02_pre500_post10_n5/sine_gradual_frequent__ts_drift_adapt__seed9.csv,50000,perm_test,vote_score,0.02,500,10,one_sided_pos,200,N/A,0.6643,,,0.0,288.6
AL,stability,P_perm_vote_score_a0.02_pre500_post10_n5,sine_gradual_frequent,sine_abrupt4,drift,10,20260112-234746-dqe_P_perm_vote_score_a0.02_pre500_post10_n5__sine_gradual_frequent,logs_v15p2_s0/trackAL_perm_confirm_stability_v15p2/sine_gradual_frequent/ts_drift_adapt/seed10/20260112-234746-dqe_P_perm_vote_score_a0.02_pre500_post10_n5/sine_gradual_frequent__ts_drift_adapt__seed10.csv,50000,perm_test,vote_score,0.02,500,10,one_sided_pos,200,N/A,0.62376,,,0.0,256.6
AL,stability,P_perm_vote_score_a0.02_pre500_post10_n5,stagger_abrupt3,stagger_abrupt3,drift,1,20260112-234746-dqe_P_perm_vote_score_a0.02_pre500_post10_n5__stagger_abrupt3,logs_v15p2_s0/trackAL_perm_confirm_stability_v15p2/stagger_abrupt3/ts_drift_adapt/seed1/20260112-234746-dqe_P_perm_vote_score_a0.02_pre500_post10_n5/stagger_abrupt3__ts_drift_adapt__seed1.csv,51200,perm_test,vote_score,0.02,500,10,one_sided_pos,200,N/A,0.94267578125,,,0.25,7062.100000000002
AL,stability,P_perm_vote_score_a0.02_pre500_post10_n5,stagger_abrupt3,stagger_abrupt3,drift,2,20260112-234746-dqe_P_perm_vote_score_a0.02_pre500_post10_n5__stagger_abrupt3,logs_v15p2_s0/trackAL_perm_confirm_stability_v15p2/stagger_abrupt3/ts_drift_adapt/seed2/20260112-234746-dqe_P_perm_vote_score_a0.02_pre500_post10_n5/stagger_abrupt3__ts_drift_adapt__seed2.csv,51200,perm_test,vote_score,0.02,500,10,one_sided_pos,200,N/A,0.9401953125,,,0.25,7100.500000000002
AL,stability,P_perm_vote_score_a0.02_pre500_post10_n5,stagger_abrupt3,stagger_abrupt3,drift,3,20260112-234746-dqe_P_perm_vote_score_a0.02_pre500_post10_n5__stagger_abrupt3,logs_v15p2_s0/trackAL_perm_confirm_stability_v15p2/stagger_abrupt3/ts_drift_adapt/seed3/20260112-234746-dqe_P_perm_vote_score_a0.02_pre500_post10_n5/stagger_abrupt3__ts_drift_adapt__seed3.csv,51200,perm_test,vote_score,0.02,500,10,one_sided_pos,200,N/A,0.9423046875,,,0.5,10000.0
AL,stability,P_perm_vote_score_a0.02_pre500_post10_n5,stagger_abrupt3,stagger_abrupt3,drift,4,20260112-234746-dqe_P_perm_vote_score_a0.02_pre500_post10_n5__stagger_abrupt3,logs_v15p2_s0/trackAL_perm_confirm_stability_v15p2/stagger_abrupt3/ts_drift_adapt/seed4/20260112-234746-dqe_P_perm_vote_score_a0.02_pre500_post10_n5/stagger_abrupt3__ts_drift_adapt__seed4.csv,51200,perm_test,vote_score,0.02,500,10,one_sided_pos,200,N/A,0.93357421875,,,0.5,8175.700000000001
AL,stability,P_perm_vote_score_a0.02_pre500_post10_n5,stagger_abrupt3,stagger_abrupt3,drift,5,20260112-234746-dqe_P_perm_vote_score_a0.02_pre500_post10_n5__stagger_abrupt3,logs_v15p2_s0/trackAL_perm_confirm_stability_v15p2/stagger_abrupt3/ts_drift_adapt/seed5/20260112-234746-dqe_P_perm_vote_score_a0.02_pre500_post10_n5/stagger_abrupt3__ts_drift_adapt__seed5.csv,51200,perm_test,vote_score,0.02,500,10,one_sided_pos,200,N/A,0.93677734375,,,0.25,7138.9000000000015
AL,stability,P_perm_vote_score_a0.02_pre500_post10_n5,stagger_abrupt3,stagger_abrupt3,drift,6,20260112-234746-dqe_P_perm_vote_score_a0.02_pre500_post10_n5__stagger_abrupt3,logs_v15p2_s0/trackAL_perm_confirm_stability_v15p2/stagger_abrupt3/ts_drift_adapt/seed6/20260112-234746-dqe_P_perm_vote_score_a0.02_pre500_post10_n5/stagger_abrupt3__ts_drift_adapt__seed6.csv,51200,perm_test,vote_score,0.02,500,10,one_sided_pos,200,N/A,0.935625,,,0.25,7018.9000000000015
AL,stability,P_perm_vote_score_a0.02_pre500_post10_n5,stagger_abrupt3,stagger_abrupt3,drift,7,20260112-234746-dqe_P_perm_vote_score_a0.02_pre500_post10_n5__stagger_abrupt3,logs_v15p2_s0/trackAL_perm_confirm_stability_v15p2/stagger_abrupt3/ts_drift_adapt/seed7/20260112-234746-dqe_P_perm_vote_score_a0.02_pre500_post10_n5/stagger_abrupt3__ts_drift_adapt__seed7.csv,51200,perm_test,vote_score,0.02,500,10,one_sided_pos,200,N/A,0.929296875,,,0.5,7484.500000000002
AL,stability,P_perm_vote_score_a0.02_pre500_post10_n5,stagger_abrupt3,stagger_abrupt3,drift,8,20260112-234746-dqe_P_perm_vote_score_a0.02_pre500_post10_n5__stagger_abrupt3,logs_v15p2_s0/trackAL_perm_confirm_stability_v15p2/stagger_abrupt3/ts_drift_adapt/seed8/20260112-234746-dqe_P_perm_vote_score_a0.02_pre500_post10_n5/stagger_abrupt3__ts_drift_adapt__seed8.csv,51200,perm_test,vote_score,0.02,500,10,one_sided_pos,200,N/A,0.94015625,,,0.5,7484.500000000002
AL,stability,P_perm_vote_score_a0.02_pre500_post10_n5,stagger_abrupt3,stagger_abrupt3,drift,9,20260112-234746-dqe_P_perm_vote_score_a0.02_pre500_post10_n5__stagger_abrupt3,logs_v15p2_s0/trackAL_perm_confirm_stability_v15p2/stagger_abrupt3/ts_drift_adapt/seed9/20260112-234746-dqe_P_perm_vote_score_a0.02_pre500_post10_n5/stagger_abrupt3__ts_drift_adapt__seed9.csv,51200,perm_test,vote_score,0.02,500,10,one_sided_pos,200,N/A,0.93509765625,,,0.5,8636.5
AL,stability,P_perm_vote_score_a0.02_pre500_post10_n5,stagger_abrupt3,stagger_abrupt3,drift,10,20260112-234746-dqe_P_perm_vote_score_a0.02_pre500_post10_n5__stagger_abrupt3,logs_v15p2_s0/trackAL_perm_confirm_stability_v15p2/stagger_abrupt3/ts_drift_adapt/seed10/20260112-234746-dqe_P_perm_vote_score_a0.02_pre500_post10_n5/stagger_abrupt3__ts_drift_adapt__seed10.csv,51200,perm_test,vote_score,0.02,500,10,one_sided_pos,200,N/A,0.93142578125,,,0.25,7023.700000000002
