track,unit,experiment_name,run_id,dataset,seed,group,model_variant,monitor_preset,trigger_mode,trigger_threshold,confirm_window,weights,use_severity_v2,severity_gate,severity_gate_min_streak,entropy_mode,severity_decay,freeze_baseline_steps,severity_scheduler_scale,log_path,acc_final,mean_acc,acc_min,drift_flag_count,drift_events_merged,MDR_win,MTD_win,MTFA_win,MTR_win,MDR_tol,MTD_tol,MTFA_tol,MTR_tol,recovery_W,post_mean_acc,post_mean_acc_std,post_min_acc,post_min_acc_std,recovery_time_to_pre90,recovery_time_to_pre90_std
L,sample_idx,trackL_gating_sweep,20260108-003658-c21_baseline,INSECTS_abrupt_balanced,1,baseline,ts_drift_adapt,error_divergence_ph_meta,or,0.5,200,"error_rate=0.5,divergence=0.3,teacher_entropy=0.2",0,none,1,uncertain,0.95,5,2.0,logs/trackL_gating_sweep/INSECTS_abrupt_balanced/ts_drift_adapt/seed1/20260108-003658-c21_baseline/INSECTS_abrupt_balanced__ts_drift_adapt__seed1.csv,0.2038147860805722,0.20083850269435566,0.16587409420289856,9,9,0.2,4005.5,11200.0,3.4951941081013604,1.0,,5600.0,,1000,0.19183580118715965,0.005180988261166091,0.19087967377253118,0.004556385791700354,178.4,81.87062965435163
L,sample_idx,trackL_gating_sweep,20260108-003658-c21_baseline,INSECTS_abrupt_balanced,2,baseline,ts_drift_adapt,error_divergence_ph_meta,or,0.5,200,"error_rate=0.5,divergence=0.3,teacher_entropy=0.2",0,none,1,uncertain,0.95,5,2.0,logs/trackL_gating_sweep/INSECTS_abrupt_balanced/ts_drift_adapt/seed2/20260108-003658-c21_baseline/INSECTS_abrupt_balanced__ts_drift_adapt__seed2.csv,0.19361553162904233,0.19298774183460046,0.16219429347826086,8,8,0.2,5605.5,15018.666666666666,3.3490916659233485,1.0,,6436.571428571428,,1000,0.18675297145366998,0.009003597466902609,0.1862782444531713,0.009055186181047128,178.4,81.87062965435163
L,sample_idx,trackL_gating_sweep,20260108-003658-c21_baseline,INSECTS_abrupt_balanced,3,baseline,ts_drift_adapt,error_divergence_ph_meta,or,0.5,200,"error_rate=0.5,divergence=0.3,teacher_entropy=0.2",0,none,1,uncertain,0.95,5,2.0,logs/trackL_gating_sweep/INSECTS_abrupt_balanced/ts_drift_adapt/seed3/20260108-003658-c21_baseline/INSECTS_abrupt_balanced__ts_drift_adapt__seed3.csv,0.19022839517853427,0.18219937392613167,0.15418526785714284,8,8,0.2,5605.5,15018.666666666666,3.3490916659233485,1.0,,6436.571428571428,,1000,0.17706550068131174,0.009584692706088365,0.17654183683616964,0.009500389530186237,178.4,81.87062965435163
L,sample_idx,trackL_gating_sweep,20260108-003658-c21_baseline,INSECTS_abrupt_balanced,4,baseline,ts_drift_adapt,error_divergence_ph_meta,or,0.5,200,"error_rate=0.5,divergence=0.3,teacher_entropy=0.2",0,none,1,uncertain,0.95,5,2.0,logs/trackL_gating_sweep/INSECTS_abrupt_balanced/ts_drift_adapt/seed4/20260108-003658-c21_baseline/INSECTS_abrupt_balanced__ts_drift_adapt__seed4.csv,0.18672772342800917,0.19614695907269475,0.1640625,8,8,0.2,5605.5,14933.333333333334,3.3300627360033297,1.0,,6400.0,,1000,0.18812446808914143,0.0057983380176623665,0.18710263106482877,0.004882958499676111,178.4,81.87062965435163
L,sample_idx,trackL_gating_sweep,20260108-003658-c21_baseline,INSECTS_abrupt_balanced,5,baseline,ts_drift_adapt,error_divergence_ph_meta,or,0.5,200,"error_rate=0.5,divergence=0.3,teacher_entropy=0.2",0,none,1,uncertain,0.95,5,2.0,logs/trackL_gating_sweep/INSECTS_abrupt_balanced/ts_drift_adapt/seed5/20260108-003658-c21_baseline/INSECTS_abrupt_balanced__ts_drift_adapt__seed5.csv,0.1919692697787954,0.19118835931555717,0.160625,8,8,0.2,5349.5,14933.333333333334,3.4894226874785805,1.0,,6400.0,,1000,0.1798446498616785,0.010633822899030806,0.1790683513282718,0.01015233403540618,178.4,81.87062965435163
L,sample_idx,trackL_gating_sweep,20260108-003658-c21_baseline,INSECTS_abrupt_balanced,6,baseline,ts_drift_adapt,error_divergence_ph_meta,or,0.5,200,"error_rate=0.5,divergence=0.3,teacher_entropy=0.2",0,none,1,uncertain,0.95,5,2.0,logs/trackL_gating_sweep/INSECTS_abrupt_balanced/ts_drift_adapt/seed6/20260108-003658-c21_baseline/INSECTS_abrupt_balanced__ts_drift_adapt__seed6.csv,0.19442920127916438,0.19415201831023254,0.16015625,8,8,0.2,5349.5,14933.333333333334,3.4894226874785805,1.0,,6400.0,,1000,0.1873917217756232,0.005364726150890223,0.18650002019712614,0.00485270305031964,178.4,81.87062965435163
L,sample_idx,trackL_gating_sweep,20260108-003658-c21_baseline,INSECTS_abrupt_balanced,7,baseline,ts_drift_adapt,error_divergence_ph_meta,or,0.5,200,"error_rate=0.5,divergence=0.3,teacher_entropy=0.2",0,none,1,uncertain,0.95,5,2.0,logs/trackL_gating_sweep/INSECTS_abrupt_balanced/ts_drift_adapt/seed7/20260108-003658-c21_baseline/INSECTS_abrupt_balanced__ts_drift_adapt__seed7.csv,0.19864892992979735,0.18958254490634213,0.15155117753623187,8,8,0.2,5349.5,14933.333333333334,3.4894226874785805,1.0,,6400.0,,1000,0.1850724128809733,0.006513815669775067,0.18421352972828353,0.007273677470729511,178.4,81.87062965435163
L,sample_idx,trackL_gating_sweep,20260108-003658-c21_baseline,INSECTS_abrupt_balanced,8,baseline,ts_drift_adapt,error_divergence_ph_meta,or,0.5,200,"error_rate=0.5,divergence=0.3,teacher_entropy=0.2",0,none,1,uncertain,0.95,5,2.0,logs/trackL_gating_sweep/INSECTS_abrupt_balanced/ts_drift_adapt/seed8/20260108-003658-c21_baseline/INSECTS_abrupt_balanced__ts_drift_adapt__seed8.csv,0.2144492591821674,0.20126232532184135,0.08203125,8,8,0.2,5349.5,14933.333333333334,3.4894226874785805,1.0,,6400.0,,1000,0.1965062197848334,0.008573344253735087,0.19565771241935292,0.008878338919085321,178.4,81.87062965435163
L,sample_idx,trackL_gating_sweep,20260108-003658-c21_baseline,INSECTS_abrupt_balanced,9,baseline,ts_drift_adapt,error_divergence_ph_meta,or,0.5,200,"error_rate=0.5,divergence=0.3,teacher_entropy=0.2",0,none,1,uncertain,0.95,5,2.0,logs/trackL_gating_sweep/INSECTS_abrupt_balanced/ts_drift_adapt/seed9/20260108-003658-c21_baseline/INSECTS_abrupt_balanced__ts_drift_adapt__seed9.csv,0.19554563172933184,0.1931922451418901,0.15234375,9,9,0.2,5221.5,11200.0,2.6812218711098343,1.0,,5600.0,,1000,0.18592590005340126,0.008399039179188593,0.18511574346068094,0.008265760858189348,178.4,81.87062965435163
L,sample_idx,trackL_gating_sweep,20260108-003658-c21_baseline,INSECTS_abrupt_balanced,10,baseline,ts_drift_adapt,error_divergence_ph_meta,or,0.5,200,"error_rate=0.5,divergence=0.3,teacher_entropy=0.2",0,none,1,uncertain,0.95,5,2.0,logs/trackL_gating_sweep/INSECTS_abrupt_balanced/ts_drift_adapt/seed10/20260108-003658-c21_baseline/INSECTS_abrupt_balanced__ts_drift_adapt__seed10.csv,0.20530966753079646,0.1911986423175778,0.0390625,8,8,0.2,5605.5,14933.333333333334,3.3300627360033297,1.0,,6400.0,,1000,0.19087127388072028,0.008327338479593119,0.19001228904367426,0.008950987709012042,178.4,81.87062965435163
L,sample_idx,trackL_gating_sweep,20260108-003727-lt4_v2,INSECTS_abrupt_balanced,1,v2,ts_drift_adapt_severity,error_divergence_ph_meta,or,0.5,200,"error_rate=0.5,divergence=0.3,teacher_entropy=0.2",1,none,1,uncertain,0.95,5,2.0,logs/trackL_gating_sweep/INSECTS_abrupt_balanced/ts_drift_adapt_severity/seed1/20260108-003727-lt4_v2/INSECTS_abrupt_balanced__ts_drift_adapt_severity__seed1.csv,0.20093855848014078,0.19811981875755116,0.15443840579710144,8,8,0.2,5349.5,14933.333333333334,3.4894226874785805,1.0,,6400.0,,1000,0.19065913450966493,0.010985012835310873,0.18976899512357848,0.011626298896051827,178.4,81.87062965435163
L,sample_idx,trackL_gating_sweep,20260108-003727-lt4_v2,INSECTS_abrupt_balanced,2,v2,ts_drift_adapt_severity,error_divergence_ph_meta,or,0.5,200,"error_rate=0.5,divergence=0.3,teacher_entropy=0.2",1,none,1,uncertain,0.95,5,2.0,logs/trackL_gating_sweep/INSECTS_abrupt_balanced/ts_drift_adapt_severity/seed2/20260108-003727-lt4_v2/INSECTS_abrupt_balanced__ts_drift_adapt_severity__seed2.csv,0.19707835827956174,0.19912828763700238,0.1676290760869565,8,8,0.2,5413.5,15018.666666666666,3.4678735260613895,1.0,,6436.571428571428,,1000,0.19072191214595946,0.006620949970529651,0.18978003464931942,0.006105192856131922,178.4,81.87062965435163
L,sample_idx,trackL_gating_sweep,20260108-003727-lt4_v2,INSECTS_abrupt_balanced,3,v2,ts_drift_adapt_severity,error_divergence_ph_meta,or,0.5,200,"error_rate=0.5,divergence=0.3,teacher_entropy=0.2",1,none,1,uncertain,0.95,5,2.0,logs/trackL_gating_sweep/INSECTS_abrupt_balanced/ts_drift_adapt_severity/seed3/20260108-003727-lt4_v2/INSECTS_abrupt_balanced__ts_drift_adapt_severity__seed3.csv,0.20733438038110016,0.1987116533699133,0.0859375,8,8,0.2,5349.5,14933.333333333334,3.4894226874785805,1.0,,6400.0,,1000,0.19727068197369227,0.00769050063304528,0.19666688711113617,0.00806186511195488,178.4,81.87062965435163
L,sample_idx,trackL_gating_sweep,20260108-003727-lt4_v2,INSECTS_abrupt_balanced,4,v2,ts_drift_adapt_severity,error_divergence_ph_meta,or,0.5,200,"error_rate=0.5,divergence=0.3,teacher_entropy=0.2",1,none,1,uncertain,0.95,5,2.0,logs/trackL_gating_sweep/INSECTS_abrupt_balanced/ts_drift_adapt_severity/seed4/20260108-003727-lt4_v2/INSECTS_abrupt_balanced__ts_drift_adapt_severity__seed4.csv,0.18235661437735348,0.19093326325472887,0.15828804347826086,8,8,0.2,5349.5,14933.333333333334,3.4894226874785805,1.0,,6400.0,,1000,0.18541764236388594,0.0030431922455446854,0.18466317881400013,0.002821007153442389,178.4,81.87062965435163
L,sample_idx,trackL_gating_sweep,20260108-003727-lt4_v2,INSECTS_abrupt_balanced,5,v2,ts_drift_adapt_severity,error_divergence_ph_meta,or,0.5,200,"error_rate=0.5,divergence=0.3,teacher_entropy=0.2",1,none,1,uncertain,0.95,5,2.0,logs/trackL_gating_sweep/INSECTS_abrupt_balanced/ts_drift_adapt_severity/seed5/20260108-003727-lt4_v2/INSECTS_abrupt_balanced__ts_drift_adapt_severity__seed5.csv,0.19864892992979735,0.19619169717297708,0.15891077898550723,8,8,0.2,5605.5,14933.333333333334,3.3300627360033297,1.0,,6400.0,,1000,0.18892413047951825,0.005887883469704377,0.1881174207632333,0.006244376010890693,178.4,81.87062965435163
L,sample_idx,trackL_gating_sweep,20260108-003727-lt4_v2,INSECTS_abrupt_balanced,6,v2,ts_drift_adapt_severity,error_divergence_ph_meta,or,0.5,200,"error_rate=0.5,divergence=0.3,teacher_entropy=0.2",1,none,1,uncertain,0.95,5,2.0,logs/trackL_gating_sweep/INSECTS_abrupt_balanced/ts_drift_adapt_severity/seed6/20260108-003727-lt4_v2/INSECTS_abrupt_balanced__ts_drift_adapt_severity__seed6.csv,0.19529963857929494,0.19613182379259816,0.1568161231884058,8,8,0.2,5349.5,14933.333333333334,3.4894226874785805,1.0,,6400.0,,1000,0.18851515970200636,0.0036428544210950044,0.18765789988904757,0.004278174581247059,178.4,81.87062965435163
L,sample_idx,trackL_gating_sweep,20260108-003727-lt4_v2,INSECTS_abrupt_balanced,7,v2,ts_drift_adapt_severity,error_divergence_ph_meta,or,0.5,200,"error_rate=0.5,divergence=0.3,teacher_entropy=0.2",1,none,1,uncertain,0.95,5,2.0,logs/trackL_gating_sweep/INSECTS_abrupt_balanced/ts_drift_adapt_severity/seed7/20260108-003727-lt4_v2/INSECTS_abrupt_balanced__ts_drift_adapt_severity__seed7.csv,0.20290650368043597,0.19705396496048472,0.0703125,8,8,0.2,5349.5,14933.333333333334,3.4894226874785805,1.0,,6400.0,,1000,0.1947282681319582,0.004412477540322535,0.1939270425998337,0.004037852721690687,178.4,81.87062965435163
L,sample_idx,trackL_gating_sweep,20260108-003727-lt4_v2,INSECTS_abrupt_balanced,8,v2,ts_drift_adapt_severity,error_divergence_ph_meta,or,0.5,200,"error_rate=0.5,divergence=0.3,teacher_entropy=0.2",1,none,1,uncertain,0.95,5,2.0,logs/trackL_gating_sweep/INSECTS_abrupt_balanced/ts_drift_adapt_severity/seed8/20260108-003727-lt4_v2/INSECTS_abrupt_balanced__ts_drift_adapt_severity__seed8.csv,0.19668098472950216,0.19538272080992272,0.1640625,8,8,0.2,5349.5,14933.333333333334,3.4894226874785805,1.0,,6400.0,,1000,0.18695818841982886,0.010106456657078816,0.1858446237727078,0.009602031698250472,178.4,81.87062965435163
L,sample_idx,trackL_gating_sweep,20260108-003727-lt4_v2,INSECTS_abrupt_balanced,9,v2,ts_drift_adapt_severity,error_divergence_ph_meta,or,0.5,200,"error_rate=0.5,divergence=0.3,teacher_entropy=0.2",1,none,1,uncertain,0.95,5,2.0,logs/trackL_gating_sweep/INSECTS_abrupt_balanced/ts_drift_adapt_severity/seed9/20260108-003727-lt4_v2/INSECTS_abrupt_balanced__ts_drift_adapt_severity__seed9.csv,0.19649175922947376,0.193337155476448,0.15625,8,8,0.2,5349.5,14933.333333333334,3.4894226874785805,1.0,,6400.0,,1000,0.1861692681313379,0.007906223133123622,0.18545285914156015,0.00795420624598148,178.4,81.87062965435163
L,sample_idx,trackL_gating_sweep,20260108-003727-lt4_v2,INSECTS_abrupt_balanced,10,v2,ts_drift_adapt_severity,error_divergence_ph_meta,or,0.5,200,"error_rate=0.5,divergence=0.3,teacher_entropy=0.2",1,none,1,uncertain,0.95,5,2.0,logs/trackL_gating_sweep/INSECTS_abrupt_balanced/ts_drift_adapt_severity/seed10/20260108-003727-lt4_v2/INSECTS_abrupt_balanced__ts_drift_adapt_severity__seed10.csv,0.19620792097943118,0.19210604816615118,0.15896739130434784,8,8,0.2,5349.5,14933.333333333334,3.4894226874785805,1.0,,6400.0,,1000,0.18875671554629053,0.00123520801713366,0.18784470979684056,0.0017445645037792554,178.4,81.87062965435163
L,sample_idx,trackL_gating_sweep,20260108-003754-er1_v2_gate_m1,INSECTS_abrupt_balanced,1,v2_gate_m1,ts_drift_adapt_severity,error_divergence_ph_meta,or,0.5,200,"error_rate=0.5,divergence=0.3,teacher_entropy=0.2",1,confirmed_streak,1,uncertain,0.95,5,2.0,logs/trackL_gating_sweep/INSECTS_abrupt_balanced/ts_drift_adapt_severity/seed1/20260108-003754-er1_v2_gate_m1/INSECTS_abrupt_balanced__ts_drift_adapt_severity__seed1.csv,0.21301114538195168,0.1999366159078618,0.125,8,8,0.2,5349.5,14933.333333333334,3.4894226874785805,1.0,,6400.0,,1000,0.1936580304268361,0.005671139422268959,0.1928109123335478,0.0060334209690125805,178.4,81.87062965435163
L,sample_idx,trackL_gating_sweep,20260108-003754-er1_v2_gate_m1,INSECTS_abrupt_balanced,2,v2_gate_m1,ts_drift_adapt_severity,error_divergence_ph_meta,or,0.5,200,"error_rate=0.5,divergence=0.3,teacher_entropy=0.2",1,confirmed_streak,1,uncertain,0.95,5,2.0,logs/trackL_gating_sweep/INSECTS_abrupt_balanced/ts_drift_adapt_severity/seed2/20260108-003754-er1_v2_gate_m1/INSECTS_abrupt_balanced__ts_drift_adapt_severity__seed2.csv,0.19821371127973206,0.20284803061691975,0.16741071428571427,8,8,0.2,5349.5,14933.333333333334,3.4894226874785805,1.0,,6400.0,,1000,0.1968026115823895,0.002693698910591055,0.1960012281122053,0.0024732706875555716,178.4,81.87062965435163
L,sample_idx,trackL_gating_sweep,20260108-003754-er1_v2_gate_m1,INSECTS_abrupt_balanced,3,v2_gate_m1,ts_drift_adapt_severity,error_divergence_ph_meta,or,0.5,200,"error_rate=0.5,divergence=0.3,teacher_entropy=0.2",1,confirmed_streak,1,uncertain,0.95,5,2.0,logs/trackL_gating_sweep/INSECTS_abrupt_balanced/ts_drift_adapt_severity/seed3/20260108-003754-er1_v2_gate_m1/INSECTS_abrupt_balanced__ts_drift_adapt_severity__seed3.csv,0.20273620073041043,0.19465578324056687,0.12890625,8,8,0.2,5605.5,14933.333333333334,3.3300627360033297,1.0,,6400.0,,1000,0.19196024707420403,0.006296264817919313,0.19111096489427393,0.006828091291682869,178.4,81.87062965435163
L,sample_idx,trackL_gating_sweep,20260108-003754-er1_v2_gate_m1,INSECTS_abrupt_balanced,4,v2_gate_m1,ts_drift_adapt_severity,error_divergence_ph_meta,or,0.5,200,"error_rate=0.5,divergence=0.3,teacher_entropy=0.2",1,confirmed_streak,1,uncertain,0.95,5,2.0,logs/trackL_gating_sweep/INSECTS_abrupt_balanced/ts_drift_adapt_severity/seed4/20260108-003754-er1_v2_gate_m1/INSECTS_abrupt_balanced__ts_drift_adapt_severity__seed4.csv,0.19007701477851155,0.1920168452572827,0.125,8,8,0.2,5349.5,14933.333333333334,3.4894226874785805,1.0,,6400.0,,1000,0.18866126925905022,0.006626938191165415,0.18764018516406725,0.005638657134591414,178.4,81.87062965435163
L,sample_idx,trackL_gating_sweep,20260108-003754-er1_v2_gate_m1,INSECTS_abrupt_balanced,5,v2_gate_m1,ts_drift_adapt_severity,error_divergence_ph_meta,or,0.5,200,"error_rate=0.5,divergence=0.3,teacher_entropy=0.2",1,confirmed_streak,1,uncertain,0.95,5,2.0,logs/trackL_gating_sweep/INSECTS_abrupt_balanced/ts_drift_adapt_severity/seed5/20260108-003754-er1_v2_gate_m1/INSECTS_abrupt_balanced__ts_drift_adapt_severity__seed5.csv,0.19265048157889758,0.1826118411713136,0.04296875,8,8,0.2,5605.5,14933.333333333334,3.3300627360033297,1.0,,6400.0,,1000,0.18121360141520612,0.006373390883749616,0.18044081574111273,0.007125642769449086,178.4,81.87062965435163
L,sample_idx,trackL_gating_sweep,20260108-003754-er1_v2_gate_m1,INSECTS_abrupt_balanced,6,v2_gate_m1,ts_drift_adapt_severity,error_divergence_ph_meta,or,0.5,200,"error_rate=0.5,divergence=0.3,teacher_entropy=0.2",1,confirmed_streak,1,uncertain,0.95,5,2.0,logs/trackL_gating_sweep/INSECTS_abrupt_balanced/ts_drift_adapt_severity/seed6/20260108-003754-er1_v2_gate_m1/INSECTS_abrupt_balanced__ts_drift_adapt_severity__seed6.csv,0.20943478343141522,0.20064894707192682,0.16339285714285715,8,8,0.2,5349.5,14933.333333333334,3.4894226874785805,1.0,,6400.0,,1000,0.19257367237621187,0.006530894071838062,0.191947321913677,0.0067186667177203205,178.4,81.87062965435163
L,sample_idx,trackL_gating_sweep,20260108-003754-er1_v2_gate_m1,INSECTS_abrupt_balanced,7,v2_gate_m1,ts_drift_adapt_severity,error_divergence_ph_meta,or,0.5,200,"error_rate=0.5,divergence=0.3,teacher_entropy=0.2",1,confirmed_streak,1,uncertain,0.95,5,2.0,logs/trackL_gating_sweep/INSECTS_abrupt_balanced/ts_drift_adapt_severity/seed7/20260108-003754-er1_v2_gate_m1/INSECTS_abrupt_balanced__ts_drift_adapt_severity__seed7.csv,0.19929229662989384,0.18920718933696362,0.14453125,8,8,0.4,2593.3333333333335,11200.0,7.197943444730077,1.0,,6400.0,,1000,0.18394032533727475,0.009872074655608779,0.18332353750156924,0.010298995753738015,178.4,81.87062965435163
L,sample_idx,trackL_gating_sweep,20260108-003754-er1_v2_gate_m1,INSECTS_abrupt_balanced,8,v2_gate_m1,ts_drift_adapt_severity,error_divergence_ph_meta,or,0.5,200,"error_rate=0.5,divergence=0.3,teacher_entropy=0.2",1,confirmed_streak,1,uncertain,0.95,5,2.0,logs/trackL_gating_sweep/INSECTS_abrupt_balanced/ts_drift_adapt_severity/seed8/20260108-003754-er1_v2_gate_m1/INSECTS_abrupt_balanced__ts_drift_adapt_severity__seed8.csv,0.19830832402974624,0.19259141083061648,0.15998641304347827,8,8,0.2,5349.5,14933.333333333334,3.4894226874785805,1.0,,6400.0,,1000,0.18513760408646016,0.006478011621611707,0.1841810410085817,0.006536387765854383,178.4,81.87062965435163
L,sample_idx,trackL_gating_sweep,20260108-003754-er1_v2_gate_m1,INSECTS_abrupt_balanced,9,v2_gate_m1,ts_drift_adapt_severity,error_divergence_ph_meta,or,0.5,200,"error_rate=0.5,divergence=0.3,teacher_entropy=0.2",1,confirmed_streak,1,uncertain,0.95,5,2.0,logs/trackL_gating_sweep/INSECTS_abrupt_balanced/ts_drift_adapt_severity/seed9/20260108-003754-er1_v2_gate_m1/INSECTS_abrupt_balanced__ts_drift_adapt_severity__seed9.csv,0.1951861032792779,0.1869991128901082,0.0703125,8,8,0.2,5349.5,14933.333333333334,3.4894226874785805,1.0,,6400.0,,1000,0.18153143576268102,0.005636391166098314,0.18073726986490768,0.005476508219769291,178.4,81.87062965435163
L,sample_idx,trackL_gating_sweep,20260108-003754-er1_v2_gate_m1,INSECTS_abrupt_balanced,10,v2_gate_m1,ts_drift_adapt_severity,error_divergence_ph_meta,or,0.5,200,"error_rate=0.5,divergence=0.3,teacher_entropy=0.2",1,confirmed_streak,1,uncertain,0.95,5,2.0,logs/trackL_gating_sweep/INSECTS_abrupt_balanced/ts_drift_adapt_severity/seed10/20260108-003754-er1_v2_gate_m1/INSECTS_abrupt_balanced__ts_drift_adapt_severity__seed10.csv,0.19692697787953906,0.19430864870112094,0.16089221014492755,8,8,0.2,5349.5,14933.333333333334,3.4894226874785805,1.0,,6400.0,,1000,0.1872235167555782,0.0036808408930777887,0.18634082384071032,0.0034318916603690375,178.4,81.87062965435163
L,sample_idx,trackL_gating_sweep,20260108-003821-gvh_v2_gate_m3,INSECTS_abrupt_balanced,1,v2_gate_m3,ts_drift_adapt_severity,error_divergence_ph_meta,or,0.5,200,"error_rate=0.5,divergence=0.3,teacher_entropy=0.2",1,confirmed_streak,3,uncertain,0.95,5,2.0,logs/trackL_gating_sweep/INSECTS_abrupt_balanced/ts_drift_adapt_severity/seed1/20260108-003821-gvh_v2_gate_m3/INSECTS_abrupt_balanced__ts_drift_adapt_severity__seed1.csv,0.22546218328381934,0.21265000322659147,0.12109375,9,9,0.2,5157.5,11200.0,2.714493456131847,1.0,,5600.0,,1000,0.2073993455472226,0.013065602756799377,0.20664577879832477,0.0132437028918252,178.4,81.87062965435163
L,sample_idx,trackL_gating_sweep,20260108-003821-gvh_v2_gate_m3,INSECTS_abrupt_balanced,2,v2_gate_m3,ts_drift_adapt_severity,error_divergence_ph_meta,or,0.5,200,"error_rate=0.5,divergence=0.3,teacher_entropy=0.2",1,confirmed_streak,3,uncertain,0.95,5,2.0,logs/trackL_gating_sweep/INSECTS_abrupt_balanced/ts_drift_adapt_severity/seed2/20260108-003821-gvh_v2_gate_m3/INSECTS_abrupt_balanced__ts_drift_adapt_severity__seed2.csv,0.19859216227978882,0.19968513043641817,0.16445878623188406,8,8,0.2,5349.5,14933.333333333334,3.4894226874785805,1.0,,6400.0,,1000,0.19111269645082382,0.0075058364706851715,0.19019634998647236,0.007250454278239712,178.4,81.87062965435163
L,sample_idx,trackL_gating_sweep,20260108-003821-gvh_v2_gate_m3,INSECTS_abrupt_balanced,3,v2_gate_m3,ts_drift_adapt_severity,error_divergence_ph_meta,or,0.5,200,"error_rate=0.5,divergence=0.3,teacher_entropy=0.2",1,confirmed_streak,3,uncertain,0.95,5,2.0,logs/trackL_gating_sweep/INSECTS_abrupt_balanced/ts_drift_adapt_severity/seed3/20260108-003821-gvh_v2_gate_m3/INSECTS_abrupt_balanced__ts_drift_adapt_severity__seed3.csv,0.21308683558196304,0.19712097793165448,0.04296875,8,8,0.4,2081.3333333333335,11200.0,8.968609865470853,0.6,221.0,8960.0,101.35746606334841,1000,0.19837558479063,0.010561903865197703,0.19783955625627062,0.010732637183853772,178.4,81.87062965435163
L,sample_idx,trackL_gating_sweep,20260108-003821-gvh_v2_gate_m3,INSECTS_abrupt_balanced,4,v2_gate_m3,ts_drift_adapt_severity,error_divergence_ph_meta,or,0.5,200,"error_rate=0.5,divergence=0.3,teacher_entropy=0.2",1,confirmed_streak,3,uncertain,0.95,5,2.0,logs/trackL_gating_sweep/INSECTS_abrupt_balanced/ts_drift_adapt_severity/seed4/20260108-003821-gvh_v2_gate_m3/INSECTS_abrupt_balanced__ts_drift_adapt_severity__seed4.csv,0.18801445682820217,0.1909311518760275,0.166893115942029,8,8,0.2,5349.5,14933.333333333334,3.4894226874785805,1.0,,6400.0,,1000,0.183443655248926,0.008274736314593668,0.18244004873288402,0.007358457164026509,178.4,81.87062965435163
L,sample_idx,trackL_gating_sweep,20260108-003821-gvh_v2_gate_m3,INSECTS_abrupt_balanced,5,v2_gate_m3,ts_drift_adapt_severity,error_divergence_ph_meta,or,0.5,200,"error_rate=0.5,divergence=0.3,teacher_entropy=0.2",1,confirmed_streak,3,uncertain,0.95,5,2.0,logs/trackL_gating_sweep/INSECTS_abrupt_balanced/ts_drift_adapt_severity/seed5/20260108-003821-gvh_v2_gate_m3/INSECTS_abrupt_balanced__ts_drift_adapt_severity__seed5.csv,0.204893371430734,0.19264151199112603,0.12890625,8,8,0.2,5349.5,14933.333333333334,3.4894226874785805,1.0,,6400.0,,1000,0.1870402579647963,0.007788507942921059,0.1862710120538794,0.008036964554219709,178.4,81.87062965435163
L,sample_idx,trackL_gating_sweep,20260108-003821-gvh_v2_gate_m3,INSECTS_abrupt_balanced,6,v2_gate_m3,ts_drift_adapt_severity,error_divergence_ph_meta,or,0.5,200,"error_rate=0.5,divergence=0.3,teacher_entropy=0.2",1,confirmed_streak,3,uncertain,0.95,5,2.0,logs/trackL_gating_sweep/INSECTS_abrupt_balanced/ts_drift_adapt_severity/seed6/20260108-003821-gvh_v2_gate_m3/INSECTS_abrupt_balanced__ts_drift_adapt_severity__seed6.csv,0.20525289988078793,0.19536321084767697,0.13671875,8,8,0.2,5605.5,15018.666666666666,3.3490916659233485,1.0,,6436.571428571428,,1000,0.18735378325290322,0.010092558903892665,0.18655672280119182,0.010114418444910588,178.4,81.87062965435163
L,sample_idx,trackL_gating_sweep,20260108-003821-gvh_v2_gate_m3,INSECTS_abrupt_balanced,7,v2_gate_m3,ts_drift_adapt_severity,error_divergence_ph_meta,or,0.5,200,"error_rate=0.5,divergence=0.3,teacher_entropy=0.2",1,confirmed_streak,3,uncertain,0.95,5,2.0,logs/trackL_gating_sweep/INSECTS_abrupt_balanced/ts_drift_adapt_severity/seed7/20260108-003821-gvh_v2_gate_m3/INSECTS_abrupt_balanced__ts_drift_adapt_severity__seed7.csv,0.2018846859802827,0.19670141443050923,0.15234375,9,9,0.2,4261.5,11200.0,3.28522820603074,0.8,496.0,6400.0,64.51612903225808,1000,0.1948085372363796,0.004888721675123223,0.1939665062421077,0.004349345135602763,178.4,81.87062965435163
L,sample_idx,trackL_gating_sweep,20260108-003821-gvh_v2_gate_m3,INSECTS_abrupt_balanced,8,v2_gate_m3,ts_drift_adapt_severity,error_divergence_ph_meta,or,0.5,200,"error_rate=0.5,divergence=0.3,teacher_entropy=0.2",1,confirmed_streak,3,uncertain,0.95,5,2.0,logs/trackL_gating_sweep/INSECTS_abrupt_balanced/ts_drift_adapt_severity/seed8/20260108-003821-gvh_v2_gate_m3/INSECTS_abrupt_balanced__ts_drift_adapt_severity__seed8.csv,0.1999167407799875,0.20054717261064234,0.1649116847826087,8,8,0.2,5349.5,14933.333333333334,3.4894226874785805,1.0,,6400.0,,1000,0.19139907313012042,0.00520830883258928,0.19065207869827003,0.004827850127447828,178.4,81.87062965435163
L,sample_idx,trackL_gating_sweep,20260108-003821-gvh_v2_gate_m3,INSECTS_abrupt_balanced,9,v2_gate_m3,ts_drift_adapt_severity,error_divergence_ph_meta,or,0.5,200,"error_rate=0.5,divergence=0.3,teacher_entropy=0.2",1,confirmed_streak,3,uncertain,0.95,5,2.0,logs/trackL_gating_sweep/INSECTS_abrupt_balanced/ts_drift_adapt_severity/seed9/20260108-003821-gvh_v2_gate_m3/INSECTS_abrupt_balanced__ts_drift_adapt_severity__seed9.csv,0.2018846859802827,0.19628450264963918,0.1626471920289855,8,8,0.2,5349.5,14933.333333333334,3.4894226874785805,1.0,,6400.0,,1000,0.18933811243623483,0.009845493423746788,0.18852995068126843,0.009964579448797427,178.4,81.87062965435163
L,sample_idx,trackL_gating_sweep,20260108-003821-gvh_v2_gate_m3,INSECTS_abrupt_balanced,10,v2_gate_m3,ts_drift_adapt_severity,error_divergence_ph_meta,or,0.5,200,"error_rate=0.5,divergence=0.3,teacher_entropy=0.2",1,confirmed_streak,3,uncertain,0.95,5,2.0,logs/trackL_gating_sweep/INSECTS_abrupt_balanced/ts_drift_adapt_severity/seed10/20260108-003821-gvh_v2_gate_m3/INSECTS_abrupt_balanced__ts_drift_adapt_severity__seed10.csv,0.20073041043010956,0.1949088798434758,0.15708705357142858,9,9,0.2,4389.5,11200.0,3.1894293199681054,1.0,,5600.0,,1000,0.19207672085770752,0.00750912118030374,0.19107087204937873,0.008108975354691737,178.4,81.87062965435163
L,sample_idx,trackL_gating_sweep,20260108-003848-ua9_v2_gate_m5,INSECTS_abrupt_balanced,1,v2_gate_m5,ts_drift_adapt_severity,error_divergence_ph_meta,or,0.5,200,"error_rate=0.5,divergence=0.3,teacher_entropy=0.2",1,confirmed_streak,5,uncertain,0.95,5,2.0,logs/trackL_gating_sweep/INSECTS_abrupt_balanced/ts_drift_adapt_severity/seed1/20260108-003848-ua9_v2_gate_m5/INSECTS_abrupt_balanced__ts_drift_adapt_severity__seed1.csv,0.20737222548110584,0.19800761578259715,0.15579710144927536,8,8,0.2,5541.5,15018.666666666666,3.3877710607837828,1.0,,6436.571428571428,,1000,0.19126083628554288,0.009590414437551155,0.19033759355072902,0.010077402651976507,178.4,81.87062965435163
L,sample_idx,trackL_gating_sweep,20260108-003848-ua9_v2_gate_m5,INSECTS_abrupt_balanced,2,v2_gate_m5,ts_drift_adapt_severity,error_divergence_ph_meta,or,0.5,200,"error_rate=0.5,divergence=0.3,teacher_entropy=0.2",1,confirmed_streak,5,uncertain,0.95,5,2.0,logs/trackL_gating_sweep/INSECTS_abrupt_balanced/ts_drift_adapt_severity/seed2/20260108-003848-ua9_v2_gate_m5/INSECTS_abrupt_balanced__ts_drift_adapt_severity__seed2.csv,0.18042651427706397,0.18528352028968323,0.159080615942029,8,8,0.2,5349.5,14933.333333333334,3.4894226874785805,1.0,,6400.0,,1000,0.17851774742234566,0.0033494067701631968,0.17811931093144617,0.003556562147187202,178.4,81.87062965435163
L,sample_idx,trackL_gating_sweep,20260108-003848-ua9_v2_gate_m5,INSECTS_abrupt_balanced,3,v2_gate_m5,ts_drift_adapt_severity,error_divergence_ph_meta,or,0.5,200,"error_rate=0.5,divergence=0.3,teacher_entropy=0.2",1,confirmed_streak,5,uncertain,0.95,5,2.0,logs/trackL_gating_sweep/INSECTS_abrupt_balanced/ts_drift_adapt_severity/seed3/20260108-003848-ua9_v2_gate_m5/INSECTS_abrupt_balanced__ts_drift_adapt_severity__seed3.csv,0.1869358714780404,0.18873070216011442,0.17202919407894737,8,8,0.2,5349.5,14933.333333333334,3.4894226874785805,1.0,,6400.0,,1000,0.1828476556279154,0.005705122407653868,0.18210090036897675,0.005526711295687933,178.4,81.87062965435163
L,sample_idx,trackL_gating_sweep,20260108-003848-ua9_v2_gate_m5,INSECTS_abrupt_balanced,4,v2_gate_m5,ts_drift_adapt_severity,error_divergence_ph_meta,or,0.5,200,"error_rate=0.5,divergence=0.3,teacher_entropy=0.2",1,confirmed_streak,5,uncertain,0.95,5,2.0,logs/trackL_gating_sweep/INSECTS_abrupt_balanced/ts_drift_adapt_severity/seed4/20260108-003848-ua9_v2_gate_m5/INSECTS_abrupt_balanced__ts_drift_adapt_severity__seed4.csv,0.19452381402917857,0.19294951108473185,0.16174139492753623,8,8,0.2,5605.5,14933.333333333334,3.3300627360033297,1.0,,6400.0,,1000,0.18879220090575982,0.0032728835773884637,0.18796506796410106,0.0029630365188513803,178.4,81.87062965435163
L,sample_idx,trackL_gating_sweep,20260108-003848-ua9_v2_gate_m5,INSECTS_abrupt_balanced,5,v2_gate_m5,ts_drift_adapt_severity,error_divergence_ph_meta,or,0.5,200,"error_rate=0.5,divergence=0.3,teacher_entropy=0.2",1,confirmed_streak,5,uncertain,0.95,5,2.0,logs/trackL_gating_sweep/INSECTS_abrupt_balanced/ts_drift_adapt_severity/seed5/20260108-003848-ua9_v2_gate_m5/INSECTS_abrupt_balanced__ts_drift_adapt_severity__seed5.csv,0.2040986243306148,0.2034575172225529,0.16972373188405798,8,8,0.2,5349.5,14933.333333333334,3.4894226874785805,1.0,,6400.0,,1000,0.19528396366648434,0.006150239810438166,0.1944497811597698,0.0054061828996342836,178.4,81.87062965435163
L,sample_idx,trackL_gating_sweep,20260108-003848-ua9_v2_gate_m5,INSECTS_abrupt_balanced,6,v2_gate_m5,ts_drift_adapt_severity,error_divergence_ph_meta,or,0.5,200,"error_rate=0.5,divergence=0.3,teacher_entropy=0.2",1,confirmed_streak,5,uncertain,0.95,5,2.0,logs/trackL_gating_sweep/INSECTS_abrupt_balanced/ts_drift_adapt_severity/seed6/20260108-003848-ua9_v2_gate_m5/INSECTS_abrupt_balanced__ts_drift_adapt_severity__seed6.csv,0.2050825969307624,0.20860299313424105,0.17215401785714285,8,8,0.2,5349.5,14933.333333333334,3.4894226874785805,1.0,,6400.0,,1000,0.20202608485031848,0.004066234836877997,0.20123911625384047,0.003917214942568316,178.4,81.87062965435163
L,sample_idx,trackL_gating_sweep,20260108-003848-ua9_v2_gate_m5,INSECTS_abrupt_balanced,7,v2_gate_m5,ts_drift_adapt_severity,error_divergence_ph_meta,or,0.5,200,"error_rate=0.5,divergence=0.3,teacher_entropy=0.2",1,confirmed_streak,5,uncertain,0.95,5,2.0,logs/trackL_gating_sweep/INSECTS_abrupt_balanced/ts_drift_adapt_severity/seed7/20260108-003848-ua9_v2_gate_m5/INSECTS_abrupt_balanced__ts_drift_adapt_severity__seed7.csv,0.20190360853028555,0.19906387695341618,0.16796875,9,9,0.2,4325.5,11200.0,3.2366200439255577,1.0,,5600.0,,1000,0.19592713291513691,0.0047246811988362015,0.19500930410987014,0.004380230015020442,178.4,81.87062965435163
L,sample_idx,trackL_gating_sweep,20260108-003848-ua9_v2_gate_m5,INSECTS_abrupt_balanced,8,v2_gate_m5,ts_drift_adapt_severity,error_divergence_ph_meta,or,0.5,200,"error_rate=0.5,divergence=0.3,teacher_entropy=0.2",1,confirmed_streak,5,uncertain,0.95,5,2.0,logs/trackL_gating_sweep/INSECTS_abrupt_balanced/ts_drift_adapt_severity/seed8/20260108-003848-ua9_v2_gate_m5/INSECTS_abrupt_balanced__ts_drift_adapt_severity__seed8.csv,0.2042500047306375,0.19790175428325837,0.16094882246376813,9,9,0.2,4069.5,11200.0,3.4402260719990165,1.0,,5600.0,,1000,0.1900054940891184,0.009338349282271311,0.18904516319816195,0.009721585127192473,178.4,81.87062965435163
L,sample_idx,trackL_gating_sweep,20260108-003848-ua9_v2_gate_m5,INSECTS_abrupt_balanced,9,v2_gate_m5,ts_drift_adapt_severity,error_divergence_ph_meta,or,0.5,200,"error_rate=0.5,divergence=0.3,teacher_entropy=0.2",1,confirmed_streak,5,uncertain,0.95,5,2.0,logs/trackL_gating_sweep/INSECTS_abrupt_balanced/ts_drift_adapt_severity/seed9/20260108-003848-ua9_v2_gate_m5/INSECTS_abrupt_balanced__ts_drift_adapt_severity__seed9.csv,0.20137377713020607,0.19388110067632514,0.165234375,9,9,0.2,4069.5,11200.0,3.4402260719990165,0.8,212.0,6400.0,150.94339622641513,1000,0.18677117697480142,0.011715762956772157,0.18596969367845623,0.011311622300195166,178.4,81.87062965435163
L,sample_idx,trackL_gating_sweep,20260108-003848-ua9_v2_gate_m5,INSECTS_abrupt_balanced,10,v2_gate_m5,ts_drift_adapt_severity,error_divergence_ph_meta,or,0.5,200,"error_rate=0.5,divergence=0.3,teacher_entropy=0.2",1,confirmed_streak,5,uncertain,0.95,5,2.0,logs/trackL_gating_sweep/INSECTS_abrupt_balanced/ts_drift_adapt_severity/seed10/20260108-003848-ua9_v2_gate_m5/INSECTS_abrupt_balanced__ts_drift_adapt_severity__seed10.csv,0.2002573466800386,0.19266079457720933,0.078125,9,9,0.2,4325.5,11200.0,3.2366200439255577,1.0,,5600.0,,1000,0.19321498156252034,0.004194797478055278,0.1921859870789127,0.003098680115370973,178.4,81.87062965435163
